Id,MSSubClass,LotFrontage,LotArea,OverallQual,OverallCond,YearBuilt,YearRemodAdd,MasVnrArea,BsmtFinSF1,BsmtFinSF2,BsmtUnfSF,TotalBsmtSF,1stFlrSF,2ndFlrSF,LowQualFinSF,GrLivArea,BsmtFullBath,BsmtHalfBath,FullBath,HalfBath,BedroomAbvGr,KitchenAbvGr,TotRmsAbvGrd,Fireplaces,GarageYrBlt,GarageCars,GarageArea,WoodDeckSF,OpenPorchSF,EnclosedPorch,3SsnPorch,ScreenPorch,PoolArea,MiscVal,MoSold,YrSold
-0.0013217014917871663,-0.0004608324303093658,0.00029051939658118726,0.9997303169044383,1.3089898382860255e-05,1.4907072892403226e-07,4.015225425009843e-05,3.4109851082506636e-05,0.002034676131124332,0.009603121647736771,0.0017993662046901292,-0.0006035954919271813,0.010798892360499725,0.01075723740697196,0.002234362826219277,3.397034343801399e-05,0.013025570576629241,8.156194412629661e-06,1.1052357646846334e-06,5.996731337651524e-06,1.0780743303476566e-06,8.840261542915538e-06,-5.687564121174915e-07,2.8257489921401608e-05,1.6313507595164947e-05,0.00296924240765996,1.0496393696529173e-05,0.003530897179862718,0.0021444364443965777,0.0005596596622205916,-0.00014471893738489744,6.811899424878552e-05,0.00024155696283235757,0.0003357947506340848,0.0019743828303242818,1.000388308013955e-06,-6.266962950160353e-07
0.015261441360836818,-0.003991517928995027,0.012644161432121642,-0.0212120697198858,0.0012840074008962994,-0.00023124172749071568,0.016302633276238862,0.01036061948318076,0.10957391791272317,0.2241261293581843,-0.007051946130627682,0.2601232526331998,0.4771974358607565,0.4136031554797732,0.17211536160659174,0.001819411065561458,0.5875379281519272,9.418432415655058e-05,-1.788392727000809e-05,0.000419946193932695,0.00014931721927055678,0.00032047842122165875,6.008516888853878e-06,0.0013720538570473441,0.0003688225278516685,0.23189594690887294,0.0006312547066006468,0.1877496036750769,0.04790772772316778,0.03015720963485136,-0.007274659630458112,0.0016680083682239835,0.00796618775117173,0.010361256537505158,-0.05235826580311828,0.00018030419212223528,-2.8436882508608847e-05
0.02091850270061049,0.02021229105981418,-0.0017532206971624695,0.004657873047896707,0.00021627415602932802,0.00012320779105046346,-0.008374493613392082,0.0012623310073170881,-0.009097443642676029,-0.49658110683624535,-0.028814059070892586,0.20473225386825306,-0.32066291203888486,-0.24326893006228098,0.6184258325093157,0.009589064114370051,0.3847459665614055,-0.00042556599437718143,-2.4415016959403062e-05,0.0002860576244101773,0.00036524333513044007,0.0006160247771558547,4.965093404749198e-05,0.0013195415296021373,3.557513336449234e-05,-0.04200474565214595,8.069065365797361e-06,-0.021113847158190136,-0.006462434166500433,0.012328146108019123,0.011893639540652588,-0.001736218372663615,0.00028398725118002516,1.540953270338268e-05,0.12045229640463673,0.0001983118996618526,-0.00011333059216977291
-0.004853240355308925,0.0023954366815751977,-0.004049119332241408,-0.00542264431364964,-1.304546875890925e-05,0.00017478262720309383,-0.00013084498223554146,0.00011395568096339829,0.003684086703358986,0.23598753442372733,0.00690729869386991,-0.23701804458480147,0.005876788532795742,0.004177001351962258,0.056061614890879165,-0.0012648823626122629,0.0589737338802292,0.00015243276182715963,8.168701234287202e-06,-1.3130408222241615e-05,5.839004248874684e-05,-4.16359788913529e-06,1.7738930555980327e-05,0.00013436347957088919,6.428584853741776e-05,0.029001947650578876,-1.5499008639210704e-05,0.00846574754218939,0.00686582617496258,-0.0007496170072506542,0.00027050677945853797,-1.2377477736886445e-05,0.005427981181574217,0.00604917649074532,0.9382402884207516,-4.722345784875769e-05,2.8394406701010085e-05
-0.0249393647204801,-0.018573510012813196,0.0023174460617907304,0.0044343393639899725,2.1423775463525724e-05,-0.00015700491454004976,0.0025523937889093003,0.0012622329441099294,-0.014933796991090964,-0.4620063769819142,-0.007176167051178632,0.6658873341013092,0.1967047900682166,0.14327052987342895,-0.36050629240818466,-0.0029679215954177495,-0.22020368413017358,-0.00036980134672289736,-3.2521167374873614e-05,-1.7387481456282717e-05,-0.0002982127869153302,-0.0001432185039049465,1.366520427336428e-05,-0.00040037559372739723,-0.0001337185909486236,-0.0363024373116312,-2.467032853182189e-05,-0.01633429128993951,-0.02057938311135521,-0.004612553517238733,0.0005931041617432428,0.0011802607560983571,-0.0029359198604452953,-0.00874687926367151,0.3194844186604362,-5.305851344561536e-05,-2.9595495036980775e-05
0.13693027147298578,-0.0035256171524210844,-0.005993747004940429,0.0028288331320999874,0.00013402171394024387,9.216704117045103e-05,0.011178493803025626,0.000467423508356311,-0.01563784303218488,-0.11798415302859785,0.023248100278548185,-0.03134909334674742,-0.1260851460967977,-0.12640831180972323,-0.029340856570367797,-0.012195666467972537,-0.1679448348480634,-5.869952739152283e-05,6.547955153933737e-06,-4.678485919317447e-05,5.3959327427233794e-05,-0.00022207924077928727,-8.62830694303851e-05,-0.0004763834024345545,-2.670820894853949e-06,0.9325345088220468,0.0007237631776395081,0.1854539231941224,0.001972059924503291,-0.012089845328401088,-0.007107398885697553,0.000558415383767049,0.00215757919326519,-0.006199111546958117,0.005507805953180425,1.1009191333036165e-05,-4.612441657334467e-06
0.9892070563180432,-0.0011301089831013147,-0.0005824849514295856,0.0011968472784781728,-0.00013823772735398462,6.80574367851158e-05,-0.003748204819624387,-0.002152962036790388,-0.012809136607415983,0.004463086561744675,-0.0029418696792478066,0.0035453317794607803,0.005066548661957859,0.04167833753759071,-0.029158228206318245,-0.004451672971307004,0.008068436359965098,1.1209846968967912e-05,-1.2043942770672336e-05,-1.0611388138238029e-05,-5.744760904807301e-05,7.361281213732264e-05,4.9967206463484385e-06,8.319789360944558e-05,-4.6158669143122626e-05,-0.1345035660371709,-9.089315532950414e-05,-0.01671585304985013,-0.002771211863852797,0.0022699357323009302,0.002156837791951089,-0.0036664867806567325,-0.0005455067593763407,0.006091092295698556,0.010274496806286853,7.301148968939932e-05,1.750201479364106e-05
-0.02896394015334205,-0.012287158522410462,-0.0001854202441837348,-0.0026208512783520276,-0.0007918981640749593,0.0003879852278198296,-0.029248265569960748,-0.010381376772988869,-0.1073420730368081,-0.366687093470376,0.37282329764331607,-0.3415764086021851,-0.3354402044292438,0.5576407545180572,-0.2970622774956414,0.02453107802861136,0.2851095550510247,-9.69734318514548e-05,4.8786241953760884e-05,3.5339852698212124e-05,-0.0003703560700507158,0.0002810939055714731,0.000150000533480709,0.0009928473297530296,0.0003223667107087882,0.012436194108835176,-9.404390098643671e-05,-0.022188434906473275,0.02639878164446536,-0.019080489235786768,0.02399293251981844,0.002808307331306611,0.02028964575756093,0.0075325545779426125,0.0023954405553910448,0.0004875298013890943,4.56264346650375e-05
0.012380876456592839,-0.002135245435361045,-0.004374947819213812,-0.0011231418790372484,-0.00012811561090125917,0.0002933690429829273,-0.006604294181964706,-0.0031890746001681848,-0.29288271805471555,-0.11423000278132477,0.7108362270419609,-0.10113392664676314,0.495472297613872,-0.24878814063295418,0.17312506334926853,-0.002393945562002624,-0.07805702284568602,0.0003288578914927319,8.244586399340888e-05,-0.00023701423719297594,0.00022799880400967872,6.336492887164448e-05,-0.00012281252814540906,-0.0004431455367255397,-6.31455633343526e-05,0.0216323136219001,-0.0005952079743333259,-0.19384126245837913,0.02626073874250906,0.03498434761514428,0.027410908948372784,-0.011358016129976988,0.02754197567410977,0.017580423589456193,-0.007658680690418977,-0.00042773492864815814,0.0002538265962020085
0.007127219075045362,0.0023569474540317045,-0.0028674848380632833,-0.0002810747117576075,0.0012969175733431486,-0.0006560813580324291,0.04654186638811838,0.011388219262072523,0.78258124516663,-0.14807897583219745,0.3128476765385228,-0.10730626035433535,0.05746244035199034,-0.09955386691317697,0.012487354103605476,-0.02985562717760408,-0.11692213998717473,0.00011667830276376867,7.060954102347763e-05,0.00015330312131618147,0.00033472632363378306,-0.00038063270065647956,-8.171396974000468e-05,-0.00041228398797643146,-4.5548584013952715e-05,-0.13294549438636596,0.0012186411600252898,0.4368028396456598,0.12230815398865437,0.010641879143992887,-0.04272649653986657,-0.0026292195306327824,0.008564634763563318,-0.019718264404408263,0.010801072771484958,-0.000528578621635593,0.00016865948639642974
-0.015062421382434077,-0.0107719938006313,0.020088180953413765,-0.00015468779862960592,0.0007983525798945638,-0.00028850375324348144,0.035881244028578965,0.03496167370614768,-0.5218022938799021,-0.007485921505608052,-0.007866781007797623,-0.0030453823807082437,-0.018398084894113508,-0.0581687746319638,-0.0022046531425342483,0.01649298038268049,-0.04388044739182575,0.0002826455117986735,-9.239169704199229e-05,0.00041296437080241523,-4.344914303022005e-05,-0.000582152261342885,1.1431583552178978e-05,-0.00019805407098510622,-0.0004994008959154702,-0.18661297399539745,0.0020096260141539072,0.8101945534564883,0.1508915854834368,0.058540794143761864,-0.014436813103419956,-0.0026363679310083222,-0.02702272949740386,0.003402818192083819,0.004082049731219368,-5.935807589005346e-05,-0.0001982589200526974
0.0032384639811827076,0.006400202107441678,-0.03920999146438785,-0.0008210005439155194,0.00017048882661608238,0.0003338340032764905,0.02196364673201726,0.01599747800267249,-0.016991377776503048,0.005500785603671953,-0.06308486601688443,0.02883124860999904,-0.028752831803212517,0.0019617711374885333,-0.003830848522448621,-0.01574126193786114,-0.01761033932282187,0.00017525940671124548,5.32184016578487e-05,0.00016207111218091962,5.162535990407359e-05,-0.0001748080648876387,-0.00015203759605440038,-0.00019859235551935426,0.00022291848413496122,0.029126254805267156,-0.00030942640324354697,-0.18744417067848368,0.971530485273941,-0.0462477151322715,-0.06728839602227162,-0.01707470260662027,-0.06573893479935719,0.0004508490380667168,0.001785566124912347,0.00045409926198188043,0.0003904411846362229
-0.0008299275832555329,0.0076250485835451486,-0.04171300888881096,7.781037002185836e-05,0.0015098688792094725,-4.4753803059063824e-05,0.10349254847753447,0.05056416368649438,-0.007950841956042821,-0.010460570931832516,-0.014202310104978818,-0.009161631544197234,-0.03382451258099765,0.0313224633449659,-0.004877695790891354,-0.04519907822169001,-0.018754310667632546,7.112984745400694e-05,6.876981469678358e-06,0.0008019180347725708,0.0009189597001560658,-0.0005978900000431656,-0.00029045218166600994,-0.00047823450381100416,0.0005248545920616875,0.010798001007285495,9.830710522440215e-05,-0.06483548418660218,-0.007086944484714027,0.7825408798228584,-0.5593130067091798,0.0001455162142620067,0.22180991057487626,-0.03383795748909983,0.0017638011517959033,0.0027190555128839295,-0.0004121010485441961
-0.0011443217864265827,-0.0574773279451331,0.013544750163479074,-4.4868815294908975e-05,-0.0004494586288225421,0.0009592301437275474,-0.11467482666108829,-0.02671010262063889,0.05502734883645639,0.007012474808013746,-0.023544450025459695,2.2943127638936716e-05,-0.016509032089834157,-0.03440649885034989,-0.05107211151619487,0.09843514090893378,0.012956530542434338,0.00016880139374529055,-3.609428039375733e-05,-0.0006406923280158047,-0.0004784039844213358,-0.00040876665007472964,-0.00021265644964762011,-0.0009927781118229395,-0.00020907274270091694,0.015344521585691741,-0.00064930408400226,-0.01052794520270395,0.06973094917615426,0.6088640502946254,0.7421031691752132,-0.028624469881348296,-0.18008002099984619,0.07210523014835409,0.0009715230647089076,-0.0002774848583559345,-0.0010922271364963453
0.00499528270677264,-0.008332342385444379,0.03152002993723547,-1.0902118381521455e-05,-0.0011152184453011502,0.0013335612286498695,-0.10914642254772902,-0.049477392493296045,0.02541225119480938,0.012413399073070963,-0.023215399724183815,0.015802975476180498,0.005000974825060461,-0.2297406720085537,-0.20715228894751034,0.6203070655403983,0.18341410458432553,-2.9580169246185786e-05,7.725081674587821e-05,-0.0012320027095130627,-0.0002869637526585332,0.00034834596411220534,-0.0002553454899635959,0.00010482994142833626,0.0006754917056948631,0.002967705471493395,-0.0003883164998262614,0.018975548221981695,0.06551147061982013,-0.06685469517906421,0.0657407408879536,-0.03214169151904692,0.6653295177545359,0.10800201731723373,-0.0015692283835810079,-0.001525929532231359,-1.055728087570825e-05
-0.005885489495726074,-0.09941392516424874,0.02227899732032416,-0.0001056456795552006,-0.00027371284176205645,0.0012325712304841322,-0.04524014076052179,-0.03589161999813186,-0.022881466978303906,0.004869185208947448,-0.030123500590930673,0.008301180471417379,-0.01695313491051398,0.19694077746726604,0.195137479359579,-0.5831289098671801,-0.19105065304041285,-0.00017154574723555308,-9.169717410014167e-06,-0.00035860337512809355,0.0001701572786305671,0.0001707340898337029,-0.00012486456932836863,-0.0008680247728895342,0.0016655076874465288,-0.012680460770165195,9.910237968685252e-05,0.018881082885907372,0.05359593678328408,-0.031433722450006085,0.2690345019339214,-0.03491483845082948,0.6729331954467804,0.014049755186188295,-0.003964601194080272,0.001358902391233289,0.0002839165866693253
0.0018107913672535084,0.7380234926316558,-0.42432686116412566,0.0003061141353650895,0.0019475485208612392,-0.0018873083278705446,0.03617889550124465,0.02554006317306716,-0.017698189946809818,0.00428698170342357,0.0019582054649929805,0.0046305782204534044,0.010875765388596347,0.013410703207110995,-0.01776025907786773,0.008741858631539852,0.004392302761013437,0.0010623884580740165,-0.0001334226808766286,0.001370795808668335,-7.702474269107602e-05,-0.0022883264565860166,0.0012265041240306512,-0.000830239145362676,0.0005002607269905762,-0.0018337855826097138,0.0007624698364032335,0.01457095130392318,-0.005881683221215142,0.010856812801209217,0.12944406219162213,-0.08523146326367183,0.09118714222681615,-0.4894022654048782,-0.0003202082801296892,-0.0004029360061449641,0.0006458120888218206
-0.005266566406124234,0.5161965531281245,-0.06802936697846478,0.00020985339668757623,0.0009070207676878955,-0.002276607752012659,0.07100164317301191,0.019334177399971536,0.00768464404514277,-0.008820267210091944,-0.003785562048752503,0.007023520339948027,-0.005582308919112994,0.032609034021151236,0.009117030520782067,-0.07810100530185443,-0.03637494075972094,0.00013235647180247708,6.546129536650529e-05,0.0009075631246699264,-0.00031143372538924776,-0.0016934424671738665,0.000746239910905537,-0.002927878340340665,-0.00017191396805507414,0.0008910572839941064,8.376369623845863e-05,0.00907794601179189,-0.012691203670850896,0.00020061278064443752,-0.021687940667399718,-0.05401712088544007,-0.01694244135680003,0.8430337334325964,-0.0014608813070323325,-0.004017482241601733,-0.0025590988350510566
0.0017507552228533806,0.37403065286332354,0.8892671408825941,9.209201336320763e-05,0.0021971972417686872,-0.0011779241381568006,0.0034771718749348635,0.030017943132736355,0.001967404240525437,-0.002842164926281727,0.0034958988893009895,-0.0041520213357312315,-0.0034982873729025215,0.007345816254908892,-0.0037856909787109946,-0.015277942628085467,-0.011717817351667376,0.0002887475823751608,-0.00010814924205763469,0.0007053212121249725,-0.0006011386543216492,0.00011070007250952981,0.0011682268173765357,0.0022950659239429185,-0.0015009882954536084,0.008016830077249501,0.0005184102946087205,-0.022126299131666985,0.026540064567151665,0.029360687731804305,-0.00012093517387890937,-0.19019673816356453,0.004083802191841835,-0.17188323955940055,0.0043164210903294704,0.002352960392261011,9.54272924561066e-05
0.004184379399930207,0.1575243931108778,0.13421409025566103,1.1053575195041778e-05,0.0011330049946608773,0.0007264434017584601,0.017107449427913556,0.04017452024162882,-0.00199869557745744,-0.001267186488348401,0.004988082515487785,-0.0003740971403358407,0.003346798886620538,-0.003477422705389837,0.00010383020060558305,-0.002657805068620967,-0.006031397573148291,0.00022452939507559017,0.00026304687624687445,0.0005641232239777004,1.9906914939013677e-05,-0.0012908615718971242,0.0001081421411272404,-0.0013582390203146055,-0.00019906827628798695,4.884788692949878e-05,0.00016809460126852543,-0.006010277270821958,0.027180271588722195,0.019416196586954527,0.04795613705312997,0.9739792128743376,0.050135499312629984,-0.02315308870035055,0.0004832071546446103,0.002823697995946746,0.0004992310978805454
0.0027975973214699724,-0.09848546535700725,0.014000791009994669,0.00026349081934748365,0.016636057242019806,-0.008478286756973236,0.8255595402233676,0.5095720021054422,-0.008475178057035928,-0.005962704056099013,-0.0015551857417050857,-0.009614095769572529,-0.017131985566952262,-0.01287962487020451,-0.02541376353914759,0.06591533351829786,0.0276219451087296,0.001337584368101735,-0.0002941052811640123,0.006271954927235926,0.002982088661087703,-0.002549068972132894,-0.002077210617113561,-0.001968400086355815,0.00045441201347661795,0.0005534757336474635,0.003296297955300639,-0.05484952161208968,-0.020639338735720304,-0.03701216322429235,0.17544065626176164,-0.03280755939759111,0.07296497227559244,-0.007612039765637506,-0.0002903490622609469,-0.0009055231704503644,0.0012541948938892867
0.000587020567887062,-0.0022541564662650177,-0.02627818548454483,9.733481072638382e-06,0.0046567445709387225,0.03630563190652637,-0.5174352798180397,0.8526309103213564,0.015675325538273582,0.0015832637124601043,0.0027243790871340546,-0.0004870749645332946,0.0038205678348215743,0.0033157571461030905,0.0050012328283684385,-0.01970909013262911,-0.011392100158648081,0.0011216658180600084,0.0008338065748194508,-0.0012007651784880316,-0.003166477222019484,-0.006005777890361199,-0.0004968537380677198,-0.0008147929031139563,-0.0012819740531929565,0.00444084228870617,8.078427287763354e-05,-0.0003012799883090638,-0.006951712349622564,-0.014847075571656928,-0.036008904546155227,-0.01965787263179347,0.0021148091017867223,0.018560086232567854,-0.0007551881283735544,0.0009872741579489408,0.0068265817824364325
-7.336773486959224e-05,0.0009486955765063182,-0.002753211368647047,3.519108844553409e-06,0.012495832262437308,-0.00017192960890507824,0.000712764725258176,-0.00016470012238440558,0.0004115860651587325,0.00011159984912065569,0.00034617415860721366,4.091110222250913e-05,0.000498685111081855,-0.0010563663250725706,-0.0005114872043646396,0.0016593819538793062,9.15284208660192e-05,-0.005790210243131586,0.006012012127097612,0.002667646403509743,-0.005039236189660088,0.006307455801185113,0.0038138625571186116,-0.0004587675836014576,0.0013640509812389296,-0.00014861069954958276,0.003976793416320508,0.0004615192779156934,-0.0004849218845101963,-0.0022055830831356916,0.0014319895711595058,-0.00252078242105833,-0.00059721566987663,0.0036487143284598136,2.824274710991244e-05,0.995470645704183,-0.09309403283263828
-4.8695005664785387e-05,0.0007519244740879773,-2.7685607879184675e-05,1.7394010460836898e-06,-0.014155948931231,-0.02501682038933979,0.002089993059636297,-0.0058706222016256466,-9.286753145271997e-05,-3.860951842856934e-05,-0.00025364592021627274,0.0001445031337325797,-0.00014775223332248513,-4.95927314593042e-05,-4.5635714167418745e-05,0.0002895657188861883,0.00019433732184922142,0.019593648472495506,-0.010785936476145818,0.007700287945477015,0.00030428189393230827,-0.02070606882475261,0.007244159477650548,-0.0394720423759491,-0.004974215625538566,-3.1908406800890086e-05,-0.004904946390675544,0.00030040417347320243,-0.000339453704159764,0.0009032889640247308,0.00044935582798133234,-0.00067982829702952,-0.0005480384438714781,0.0026924415485705374,8.142119257807749e-06,0.09337398074059737,0.9938603977161202
-3.621484166403774e-05,0.0009046168987577133,-0.0021651956877966937,-1.48736267969489e-06,-0.450070195289367,-0.4412802940528363,-0.005633960107579229,0.020736530993933692,0.000508837129302677,0.00035589366357943156,0.00010205010170381808,-5.846842630548534e-06,0.0004520969424673906,-0.00045546155665434517,-0.00032449739377072044,-0.0007898984752208642,-0.0015698574414544006,0.03281684599999255,-0.0017931651480298954,0.05603638847704581,-0.024948862387344988,0.3764816111840659,0.08011117500469796,0.6583886272790902,-0.12363681047238548,0.00031876443866112216,0.015888396557768806,0.00020638465022974987,0.00040208112398971274,0.0010887790683998977,0.000822570454786927,0.0014412952198613698,0.0015200465658359264,0.0015271945032714427,-3.7970346059248305e-05,0.004522606590308205,0.013962430441105839
-9.889538184721725e-05,0.002671952201872802,-0.0011264912232974065,1.8315477758998155e-06,0.2592584624754795,0.757967042944377,0.01741379660970362,-0.020933745757110947,-0.00028064473085050114,0.0001279094141291945,-0.00010990703444877607,-2.670442711347823e-06,1.5331936047844998e-05,-0.0005084625075332038,-0.000873908048432651,0.00025546762219107,-0.0011269029341007101,-0.003883933329788047,0.021938765260230593,0.03655183135414891,-0.015387317359252273,0.2896033753082221,0.016140717394061487,0.5179903222496371,0.022330352028171543,-0.00024927106634459406,0.008114638929549875,0.00019391279120330168,-0.0001713602350139369,0.00044540862138525337,0.001605315516728373,0.0004507192102293851,-0.0005925040652404877,0.0015860941352151734,-0.00012408180429156987,-0.0005910882207243469,0.04933582162914639
5.011415374738214e-05,-0.001977197077082909,-0.001879616701656978,3.6789415658543436e-06,0.8081436884136788,-0.4647792862936183,-0.021996142268663338,0.0017721851994476655,-0.00049152750760633,-3.2121429659334075e-06,7.889653703007686e-05,-0.00037243713668746846,-0.0002967527564763409,-0.00027211922782832,-0.00032381082870324736,-0.0006940110476818271,-0.0012899410892468451,0.026621599353991443,-0.024631998977978378,0.02844023417282896,-0.012627587520083753,-0.06877623342191232,-0.01826517889648133,0.30533567169053316,0.1561891860608772,1.2421300385024024e-05,0.0720667146432812,-0.0005917967393823872,0.0001445575679049266,-0.00013401379067726289,-0.0018946190434536315,0.0007947276967927018,-0.000430079864810015,0.0015677282578568214,4.2195794365737135e-05,-0.008814356516093708,0.01165121541193911
3.6097952787540945e-05,0.0006884734185187787,0.0015513608968692628,-6.2125853347425734e-06,-0.24554409885163958,0.04049239913891488,0.0037108619257954245,0.00171217696677254,-3.873298177158628e-05,-4.210149832382358e-05,-5.469239873670187e-06,0.00019548784201365348,0.00014791704747891564,-0.0004728700652173457,-0.00019209674261898922,0.0004226265071506725,-0.0002423402471156073,0.03134620030503137,-0.011494539454661803,-0.1614658022724238,0.19712069396800982,-0.3038531801314859,-0.015567731726638334,0.21395967252849044,0.8553583918836377,-0.00014263782254254643,0.04433151148173458,0.00021860741979618314,-0.0002313251657728079,-3.416601666190318e-05,0.0004463243597158979,-1.137528680710475e-05,-0.001384526921349835,0.0003510863461378207,-1.613467463884587e-05,0.0058951023995073015,0.004196029843281155
7.53724709873563e-06,0.001282522421212492,0.0004948429653024722,-4.494665548922229e-06,0.07068881486045289,-0.0846707268925711,-0.005067379643851473,0.005781929974102296,-6.914984411262572e-05,1.3802666182563689e-05,1.4548842327390264e-05,-5.968315172209617e-05,-3.133176848717297e-05,-7.580778841012778e-05,-0.00014759062397216025,0.00023293856098569737,9.540234347799643e-06,-0.01449705043495582,0.050346089878701455,0.13603612010613414,-0.08776221692400227,0.7833434743690003,-0.04722418985359975,-0.3814919138024873,0.4442524468433566,-4.8457230863147095e-05,0.000795317860620056,0.0004497728593376915,-9.13648900216216e-06,0.00012043021120071348,-0.0005133629722731752,0.00014829089113508484,-0.000883481023729527,-0.0005796296146083397,4.889656002907471e-05,-0.007367016198578213,0.0031581914882358388
-1.0554992625373018e-05,0.0014229543247270002,-9.522956866459082e-05,1.4220307202967177e-06,0.08071668862432985,-0.026758521345956264,-0.0008124139095806686,0.0028121614603054406,-0.0001591618951393639,-0.0001932539080225537,-0.000200556603978963,0.000141285202370254,-0.00025252520366323875,0.0005672103058542314,-0.0002306675383966469,-0.0003011218937417313,3.5420839202103747e-05,0.2857480331571788,-0.061015079629552556,-0.6198570668593857,0.6584213468389655,0.23764331520934948,-0.0540623374217498,-0.05675810919135312,-0.15521443528357948,-5.652202349439875e-06,-0.05389333818416475,0.00022483367411663233,9.584577825348035e-06,-0.00013414496156152837,5.2792839005220915e-05,0.00012477820179469248,-0.00019776429332930937,0.00011665902560487584,2.116994256163684e-05,0.005144003015252161,0.0003632218573796028
-1.7889158392035742e-05,-0.00114436511235945,0.00022380694517922198,-2.1984143758599944e-06,-0.021815416306260948,0.04076850799490244,0.0016172479961077517,-0.002840124199573722,0.0001951589095741665,-0.0003829671568291393,-0.00015135694454287952,0.0003057142400307804,-0.00022860970815444432,-5.2618843011579424e-05,0.00027629262915009067,-5.6035365802311186e-05,0.0001676383084199975,0.906299424806132,-0.23828075657492656,0.056691945168872604,-0.33465059397606484,-0.039241481001097346,0.022813663118502688,-0.024285315179351983,0.03536557460340969,3.983110891044982e-05,0.009384855267569093,-0.00019270199031731493,-0.00021499890357504472,-8.890289765934414e-05,-0.0003799019310804151,1.8140144946077492e-05,3.143955203106756e-05,0.00022489991054665544,2.3271660234926238e-05,0.0031414376745732067,-0.022114623900253278
-1.2318510268134155e-06,-0.0008915027030498474,3.5154526280966705e-05,-5.709109126027942e-07,-0.03098268892373185,0.035057654360408565,-0.00513115617330124,-0.0027691812204857953,-1.752410886339513e-05,4.233352314087493e-05,1.0324672138514152e-05,7.87020834813114e-06,6.052870171331549e-05,-7.451634325841204e-05,-0.00028851928338568996,0.0003317543277854402,-3.128142452586176e-05,0.08756391628978634,-0.05123806159619119,0.37255078138033554,0.3711155285080927,-0.003398839800422023,0.08573162918587054,-0.05915875741810401,-0.05770055641482668,-0.00020793597102061005,0.8347148078717767,-0.002024836896511545,-4.549174571816578e-05,-2.932764001657864e-05,7.186364365396224e-07,-0.0001090348586726361,-0.00018723056982718005,0.0005421281326829674,2.154978065877711e-05,-0.0018574190602305678,-0.0038873223226785062
8.024954491565804e-06,-0.0005833260146683465,0.0002784412989263781,3.8952304691749793e-07,0.018670128896790043,-0.001612657697972783,-0.00489497599717739,-0.0002769641967441162,6.628694608428967e-05,-2.123353242670696e-05,-1.4128075600619873e-05,3.060806632184423e-05,-4.75382568194316e-06,-3.8542859604091526e-05,-0.00036863709857238355,0.0001545870799075265,-0.0002525928030291803,0.1061540566177219,-0.17069173093573642,0.6320357697722884,0.5121226721886682,-0.042831469603222996,0.07796773781550262,0.0023875978762975063,0.014080834520912648,0.00016547297391345878,-0.5377564012244154,0.0012441939287836964,1.883483775896413e-05,-0.0005159867194352285,-7.19077766997317e-05,-0.00016850699921376562,1.637275052131206e-05,0.00014672665773736402,-1.4123551789679292e-05,0.003199818666695366,-0.013014833089650502
8.66389117536424e-06,-0.00045489287307668363,0.0001290913489533027,-1.0781829670870742e-06,0.007792665388802948,-0.01570280790646595,-0.0007669731051479841,-0.0011175213563321446,-5.0557840504504636e-05,-0.00010421898007497435,-0.0001593069297536461,0.00015291789715137023,-0.00011060765398060744,3.8758111575024885e-05,-1.8659422026559326e-06,-3.6372768144184135e-05,5.194052208961099e-07,0.27191822388549003,0.9506003293179532,0.10061977475306605,0.07779933001395531,-0.055850510850405106,0.008392817841783416,0.008039661671518383,-0.012233615726378018,1.3628887841688844e-05,-0.05009065988186575,9.919538507884025e-05,-0.00010796201890893129,-9.166613016464123e-05,-3.814030300708533e-05,-0.00030136600481503743,-1.8777833636793e-05,4.816457018978115e-06,1.3378158246797967e-05,-0.0033161979966819795,0.002960745806010789
2.5194425468540116e-05,-0.00185834345311606,-0.00029643903139046804,7.424232756372451e-07,0.05293655843687805,0.006408994002387274,0.0016768926425437538,0.0009425463367653936,-3.1098363920833385e-06,6.9472299685236066e-06,1.6553808851422823e-05,-1.9922600184921314e-05,3.5788716528669812e-06,-0.00015932681240112475,2.5944128057564313e-05,0.00027993664771518314,0.00014655375693782625,-0.0260357025257221,0.013635798940705001,-0.1191623403344451,-0.02858576834720747,0.014326428818744864,0.9866598965006069,-0.06854036204354241,0.042039758522129496,5.8826299170772766e-05,-0.03210371699908125,-5.070128947991256e-05,0.00011195137279256041,0.00015066893283200344,9.591822898052e-05,0.00010662518502443534,0.00014303105512377694,-3.0294350338703738e-05,-2.4069269638489026e-05,-0.005168376641064524,-0.006565766712720815
-0.0,-4.670565076690899e-13,-1.4591514824829597e-13,1.671588819511342e-16,-2.6662976608613975e-12,7.3394092463018e-12,1.7692116448909607e-13,1.4962276004417965e-13,1.945216898398375e-14,-0.04529378101563043,-0.04529378101561819,-0.045293781015612884,0.045293781015615125,-0.49794424728206893,-0.49794424728204706,-0.4979442472820783,0.4979442472820929,4.159822808302335e-11,-2.80162445379704e-11,-1.5069110819031923e-11,-7.970665094083636e-12,-1.3813112884044955e-11,8.726693062228681e-11,1.9603275526713662e-12,-3.852115094598457e-11,-8.612895671256158e-16,5.088963977615206e-11,-1.672208667706133e-13,7.916475426525615e-15,-2.557374157996626e-14,-1.0939300819822726e-14,-6.301739281957224e-14,1.2110710590690255e-13,-2.3644129407366852e-14,-2.3159089259309415e-15,-9.405148313411599e-13,-2.916354227787249e-11
-0.0,-8.72183651984217e-13,-1.8766391395326204e-13,2.0684753682878596e-16,-2.3123878903059876e-13,8.18890989521929e-12,8.567094037145626e-13,-8.522390167231324e-13,-6.01767970960046e-15,0.49794424728202474,0.497944247282017,0.4979442472821265,-0.49794424728211906,-0.04529378101561466,-0.04529378101557904,-0.0452937810155704,0.045293781015712985,1.3083778055498212e-10,1.6362179845513464e-10,-7.549840626323924e-11,-1.3117718688263256e-12,-3.0301672772063426e-11,2.2913337960635734e-10,-6.6460946613037545e-12,-6.738793982573962e-11,-2.959762818166539e-14,1.8625107105796976e-10,-5.205353261515718e-13,-2.786649626890962e-14,8.850845667279476e-14,6.96555650038761e-14,-1.0599115434002311e-13,1.1175648394094057e-13,1.938191627768859e-13,1.9219503111000795e-15,2.2992951908042276e-12,3.143177471340762e-11
