GrLivArea,GrLivArea^2,SalePrice
1314.0,1726596.0,145000
1571.0,2468041.0,178000
796.0,633616.0,85000
1768.0,3125824.0,175000
1691.0,2859481.0,127000
894.0,799236.0,149900
1560.0,2433600.0,174000
1154.0,1331716.0,125500
1422.0,2022084.0,175500
1496.0,2238016.0,225000
913.0,833569.0,129000
1086.0,1179396.0,159950
1601.0,2563201.0,157000
1986.0,3944196.0,205000
1164.0,1354896.0,140000
2267.0,5139289.0,200000
2259.0,5103081.0,217000
825.0,680625.0,125000
1426.0,2033476.0,159500
1651.0,2725801.0,184000
789.0,622521.0,96500
2634.0,6937956.0,200000
1576.0,2483776.0,149000
1484.0,2202256.0,178900
1200.0,1440000.0,184900
1250.0,1562500.0,164700
1902.0,3617604.0,335000
1040.0,1081600.0,87500
1502.0,2256004.0,233170
1228.0,1507984.0,149350
1268.0,1607824.0,133000
864.0,746496.0,98000
1686.0,2842596.0,207500
1620.0,2624400.0,150000
858.0,736164.0,134900
1301.0,1692601.0,187750
1505.0,2265025.0,149500
864.0,746496.0,116050
1224.0,1498176.0,153337
1383.0,1912689.0,165000
816.0,665856.0,130500
1344.0,1806336.0,206300
1392.0,1937664.0,146000
1065.0,1134225.0,126500
1250.0,1562500.0,139000
1452.0,2108304.0,113000
1096.0,1201216.0,79000
1428.0,2039184.0,182000
1658.0,2748964.0,188000
864.0,746496.0,129000
1928.0,3717184.0,160000
1537.0,2362369.0,174000
1863.0,3470769.0,219210
2007.0,4028049.0,310000
1792.0,3211264.0,374000
968.0,937024.0,100000
2654.0,7043716.0,250000
960.0,921600.0,145000
2775.0,7700625.0,325000
2643.0,6985449.0,380000
1646.0,2709316.0,275000
1298.0,1684804.0,180000
1694.0,2869636.0,245350
958.0,917764.0,151500
999.0,998001.0,134500
1020.0,1040400.0,94000
1674.0,2802276.0,216000
2113.0,4464769.0,350000
2030.0,4120900.0,195000
1217.0,1481089.0,120000
2169.0,4704561.0,228500
1850.0,3422500.0,248000
1144.0,1308736.0,124000
1504.0,2262016.0,191000
1309.0,1713481.0,181000
1258.0,1582564.0,105000
1422.0,2022084.0,139900
1442.0,2079364.0,157900
1200.0,1440000.0,130500
1664.0,2768896.0,172400
1360.0,1849600.0,130000
1414.0,1999396.0,178000
1342.0,1800964.0,161500
1118.0,1249924.0,119900
2345.0,5499025.0,239000
1844.0,3400336.0,190000
987.0,974169.0,85400
1610.0,2592100.0,205000
1080.0,1166400.0,134000
1622.0,2630884.0,168000
1511.0,2283121.0,185000
1152.0,1327104.0,180500
1558.0,2427364.0,152000
1911.0,3651921.0,215000
1306.0,1705636.0,153000
2138.0,4571044.0,106000
2466.0,6081156.0,340000
1734.0,3006756.0,159000
1158.0,1340964.0,120000
1771.0,3136441.0,115000
958.0,917764.0,128000
1828.0,3341584.0,314813
1716.0,2944656.0,131000
2713.0,7360369.0,446261
1367.0,1868689.0,127500
1826.0,3334276.0,155000
1200.0,1440000.0,177500
1382.0,1909924.0,128500
1456.0,2119936.0,176000
2448.0,5992704.0,402000
1964.0,3857296.0,130000
1092.0,1192464.0,145000
1113.0,1238769.0,147000
864.0,746496.0,115000
1804.0,3254416.0,189000
1632.0,2663424.0,143000
2614.0,6832996.0,240000
1314.0,1726596.0,230000
1923.0,3697929.0,190000
1484.0,2202256.0,213000
708.0,501264.0,82500
1713.0,2934369.0,274900
1269.0,1610361.0,155000
2097.0,4397409.0,423000
864.0,746496.0,128500
2184.0,4769856.0,335000
1624.0,2637376.0,262000
1040.0,1081600.0,129500
2035.0,4141225.0,222500
1494.0,2232036.0,270000
1314.0,1726596.0,207500
1743.0,3038049.0,175000
2127.0,4524129.0,238000
1716.0,2944656.0,135900
1358.0,1844164.0,224000
1430.0,2044900.0,170000
1221.0,1490841.0,185000
2094.0,4384836.0,263000
864.0,746496.0,62383
1053.0,1108809.0,150000
1701.0,2893401.0,171000
1056.0,1115136.0,139000
1163.0,1352569.0,126175
1665.0,2772225.0,205950
1196.0,1430416.0,110000
3140.0,9859600.0,485000
1682.0,2829124.0,174000
1072.0,1149184.0,145000
1547.0,2393209.0,215200
1905.0,3629025.0,320000
1661.0,2758921.0,212000
1350.0,1822500.0,168500
1845.0,3404025.0,189000
1601.0,2563201.0,140000
1498.0,2244004.0,187500
1947.0,3790809.0,254900
1098.0,1205604.0,135000
1054.0,1110916.0,151000
928.0,861184.0,112500
1820.0,3312400.0,184000
3082.0,9498724.0,197000
1788.0,3196944.0,161500
1022.0,1044484.0,85000
1274.0,1623076.0,203000
2504.0,6270016.0,325000
2153.0,4635409.0,313000
2031.0,4124961.0,237000
1824.0,3326976.0,180500
1008.0,1016064.0,137000
694.0,481636.0,90350
1728.0,2985984.0,150900
1588.0,2521744.0,214000
1392.0,1937664.0,121500
4476.0,20034576.0,745000
1969.0,3876961.0,190000
1504.0,2262016.0,181000
1276.0,1628176.0,60000
1800.0,3240000.0,239000
816.0,665856.0,118500
1040.0,1081600.0,109500
924.0,853776.0,110000
832.0,692224.0,105500
1886.0,3556996.0,199900
2196.0,4822416.0,271900
1039.0,1079521.0,131500
1271.0,1615441.0,135000
1367.0,1868689.0,119000
2093.0,4380649.0,215000
864.0,746496.0,133500
2447.0,5987809.0,169000
1054.0,1110916.0,137500
1120.0,1254400.0,147000
1616.0,2611456.0,232000
1073.0,1151329.0,156000
1389.0,1929321.0,170000
861.0,741321.0,82500
1135.0,1288225.0,155000
2828.0,7997584.0,424870
1616.0,2611456.0,236500
1437.0,2064969.0,218000
1630.0,2656900.0,213000
1800.0,3240000.0,312500
1855.0,3441025.0,187000
1675.0,2805625.0,181000
2084.0,4343056.0,233000
1111.0,1234321.0,95000
729.0,531441.0,52000
1586.0,2515396.0,181000
2234.0,4990756.0,501837
858.0,736164.0,88000
833.0,693889.0,112000
1283.0,1646089.0,140000
1644.0,2702736.0,167000
1383.0,1912689.0,145250
2073.0,4297329.0,210000
1539.0,2368521.0,157500
1552.0,2408704.0,212900
925.0,855625.0,117500
1414.0,1999396.0,185500
1526.0,2328676.0,85000
1712.0,2930944.0,145000
1717.0,2948089.0,255500
1750.0,3062500.0,124000
1176.0,1382976.0,134900
1936.0,3748096.0,230500
858.0,736164.0,110000
1919.0,3682561.0,233230
1762.0,3104644.0,157000
1728.0,2985984.0,142600
1626.0,2643876.0,154000
1496.0,2238016.0,179665
790.0,624100.0,91000
1935.0,3744225.0,197900
1964.0,3857296.0,205000
1666.0,2775556.0,161000
985.0,970225.0,149900
1358.0,1844164.0,207000
848.0,719104.0,143000
1970.0,3880900.0,281000
2046.0,4186116.0,372500
1865.0,3478225.0,235000
2134.0,4553956.0,214500
2646.0,7001316.0,260000
1236.0,1527696.0,149700
902.0,813604.0,131000
912.0,831744.0,144000
1656.0,2742336.0,215000
1382.0,1909924.0,176000
2020.0,4080400.0,144000
1052.0,1106704.0,155000
2531.0,6405961.0,290000
1852.0,3429904.0,230000
1660.0,2755600.0,290000
1709.0,2920681.0,328900
912.0,831744.0,142000
1764.0,3111696.0,231500
1395.0,1946025.0,162000
1040.0,1081600.0,133000
2392.0,5721664.0,386250
1103.0,1216609.0,110500
2078.0,4318084.0,339750
803.0,644809.0,87000
1152.0,1327104.0,158500
1173.0,1375929.0,170000
1092.0,1192464.0,55000
1784.0,3182656.0,138887
1920.0,3686400.0,170000
1670.0,2788900.0,240000
1223.0,1495729.0,147400
1801.0,3243601.0,289000
1656.0,2742336.0,135000
1717.0,2948089.0,140000
2599.0,6754801.0,333168
1644.0,2702736.0,146500
2468.0,6091024.0,354000
1362.0,1855044.0,143000
1484.0,2202256.0,265900
1200.0,1440000.0,146000
1350.0,1822500.0,165000
1152.0,1327104.0,82000
1680.0,2822400.0,213250
1440.0,2073600.0,79000
1214.0,1473796.0,143000
1479.0,2187441.0,130500
1801.0,3243601.0,239900
1494.0,2232036.0,177500
2329.0,5424241.0,262280
1588.0,2521744.0,227000
1194.0,1425636.0,159500
1494.0,2232036.0,217000
3238.0,10484644.0,410000
914.0,835396.0,148000
1641.0,2692881.0,178000
1573.0,2474329.0,162900
1472.0,2166784.0,187500
1750.0,3062500.0,160000
1768.0,3125824.0,212000
1196.0,1430416.0,139000
1126.0,1267876.0,108000
845.0,714025.0,84000
1968.0,3873024.0,172000
1221.0,1490841.0,104900
1368.0,1871424.0,114504
987.0,974169.0,106000
1442.0,2079364.0,179900
1220.0,1488400.0,102000
1500.0,2250000.0,190000
2450.0,6002500.0,340000
2207.0,4870849.0,180000
1208.0,1459264.0,206000
1795.0,3222025.0,131500
1440.0,2073600.0,150000
1212.0,1468944.0,186000
1111.0,1234321.0,116900
2715.0,7371225.0,299800
1724.0,2972176.0,188000
1328.0,1763584.0,143000
1052.0,1106704.0,138500
2417.0,5841889.0,260000
948.0,898704.0,119000
2019.0,4076361.0,167500
869.0,755161.0,85500
1554.0,2414916.0,209500
2112.0,4460544.0,206900
1416.0,2005056.0,112000
1593.0,2537649.0,193000
1381.0,1907161.0,197500
1632.0,2663424.0,139000
954.0,910116.0,119750
1922.0,3694084.0,198500
980.0,960400.0,135000
1786.0,3189796.0,223500
1694.0,2869636.0,307000
972.0,944784.0,132000
1437.0,2064969.0,168000
2263.0,5121169.0,287000
1725.0,2975625.0,197000
1236.0,1527696.0,134450
1040.0,1081600.0,133700
1704.0,2903616.0,306000
1523.0,2319529.0,180000
1489.0,2217121.0,232600
1569.0,2461761.0,175900
1212.0,1468944.0,178000
1573.0,2474329.0,227000
1790.0,3204100.0,165150
1576.0,2483776.0,223500
1728.0,2985984.0,207500
1600.0,2560000.0,256300
1922.0,3694084.0,377426
1692.0,2862864.0,224500
1656.0,2742336.0,249700
1047.0,1096209.0,100000
2728.0,7441984.0,437154
1425.0,2030625.0,180500
952.0,906304.0,121000
990.0,980100.0,156000
988.0,976144.0,180000
1056.0,1115136.0,107000
1746.0,3048516.0,377500
1718.0,2951524.0,185000
1464.0,2143296.0,175000
1660.0,2755600.0,195000
1752.0,3069504.0,319900
2620.0,6864400.0,190000
4676.0,21864976.0,184750
784.0,614656.0,109500
1120.0,1254400.0,129000
1382.0,1909924.0,148000
1386.0,1920996.0,158900
334.0,111556.0,39300
1200.0,1440000.0,151000
1414.0,1999396.0,178740
1584.0,2509056.0,124000
1517.0,2301289.0,230000
1258.0,1582564.0,145000
902.0,813604.0,125500
1158.0,1340964.0,158000
964.0,929296.0,163500
2380.0,5664400.0,129000
1232.0,1517824.0,194500
864.0,746496.0,127000
1982.0,3928324.0,228500
1924.0,3701776.0,280000
2080.0,4326400.0,234000
1647.0,2712609.0,175000
1617.0,2614689.0,193000
1340.0,1795600.0,120000
1940.0,3763600.0,395192
1855.0,3441025.0,136900
884.0,781456.0,144000
1626.0,2643876.0,175500
1284.0,1648656.0,110000
2290.0,5244100.0,255900
816.0,665856.0,110000
2183.0,4765489.0,229000
1869.0,3493161.0,124900
1646.0,2709316.0,164000
1844.0,3400336.0,257000
1571.0,2468041.0,239000
2082.0,4334724.0,200000
1959.0,3837681.0,171000
2374.0,5635876.0,285000
2142.0,4588164.0,193500
1200.0,1440000.0,144152
1992.0,3968064.0,250000
2285.0,5221225.0,248000
1824.0,3326976.0,302000
1850.0,3422500.0,326000
1355.0,1836025.0,127500
1668.0,2782224.0,180000
1406.0,1976836.0,89500
1888.0,3564544.0,190000
1228.0,1507984.0,189000
1638.0,2683044.0,192000
960.0,921600.0,94750
1698.0,2883204.0,320000
1063.0,1129969.0,128000
1236.0,1527696.0,135000
1535.0,2356225.0,118964
630.0,396900.0,81000
1092.0,1192464.0,88000
1652.0,2729104.0,325000
1144.0,1308736.0,139950
1795.0,3222025.0,147000
1541.0,2374681.0,205000
1507.0,2271049.0,127000
1441.0,2076481.0,174000
1479.0,2187441.0,191000
987.0,974169.0,89500
672.0,451584.0,113000
2192.0,4804864.0,179500
2000.0,4000000.0,305900
1125.0,1265625.0,155000
1124.0,1263376.0,93000
1839.0,3381921.0,257500
2144.0,4596736.0,277000
2260.0,5107600.0,328000
1977.0,3908529.0,165000
845.0,714025.0,129500
1786.0,3189796.0,204750
2555.0,6528025.0,191000
1700.0,2890000.0,165500
1671.0,2792241.0,173000
1376.0,1893376.0,119500
1689.0,2852721.0,127500
2554.0,6522916.0,159500
1416.0,2005056.0,153900
816.0,665856.0,129900
1370.0,1876900.0,152000
1442.0,2079364.0,185000
1285.0,1651225.0,127000
1474.0,2172676.0,168500
2013.0,4052169.0,269790
1563.0,2442969.0,245000
1663.0,2765569.0,256000
1192.0,1420864.0,135000
1774.0,3147076.0,87000
1962.0,3849444.0,239799
1302.0,1695204.0,176485
1118.0,1249924.0,116000
1766.0,3118756.0,370878
1253.0,1570009.0,176000
1097.0,1203409.0,152000
1078.0,1162084.0,149900
1572.0,2471184.0,168000
1524.0,2322576.0,260000
2060.0,4243600.0,214000
1344.0,1806336.0,137500
1818.0,3305124.0,169500
1029.0,1058841.0,118500
2521.0,6355441.0,151400
1500.0,2250000.0,173900
2217.0,4915089.0,268000
1370.0,1876900.0,202500
1262.0,1592644.0,185000
1894.0,3587236.0,214900
1694.0,2869636.0,318000
864.0,746496.0,97000
1709.0,2920681.0,130000
1738.0,3020644.0,104900
1319.0,1739761.0,123000
3222.0,10381284.0,320000
1355.0,1836025.0,127000
1306.0,1705636.0,76500
768.0,589824.0,133000
1077.0,1159929.0,118000
1183.0,1399489.0,120000
1456.0,2119936.0,179540
2291.0,5248681.0,230000
848.0,719104.0,140000
2332.0,5438224.0,426000
1348.0,1817104.0,117000
2108.0,4443664.0,235000
1336.0,1784896.0,108000
5642.0,31832164.0,160000
1344.0,1806336.0,144000
1935.0,3744225.0,263435
1470.0,2160900.0,135000
2156.0,4648336.0,262500
1728.0,2985984.0,125000
1768.0,3125824.0,226700
1048.0,1098304.0,135000
1728.0,2985984.0,190000
2358.0,5560164.0,122000
1146.0,1313316.0,187500
1601.0,2563201.0,272000
1920.0,3686400.0,172500
1363.0,1857769.0,125500
1148.0,1317904.0,123500
1294.0,1674436.0,193879
1248.0,1557504.0,87000
1419.0,2013561.0,184100
1440.0,2073600.0,182900
1140.0,1299600.0,84500
2090.0,4368100.0,200000
1640.0,2689600.0,183000
1679.0,2819041.0,193500
1218.0,1483524.0,131000
1142.0,1304164.0,134000
1110.0,1232100.0,165500
1164.0,1354896.0,125000
1192.0,1420864.0,78000
1422.0,2022084.0,179600
894.0,799236.0,130000
1953.0,3814209.0,252000
1792.0,3211264.0,231500
924.0,853776.0,80000
752.0,565504.0,125000
1740.0,3027600.0,219500
1593.0,2537649.0,178000
1385.0,1918225.0,166000
1266.0,1602756.0,176000
2021.0,4084441.0,274725
1334.0,1779556.0,167900
1252.0,1567504.0,160000
2526.0,6380676.0,136000
2402.0,5769604.0,555000
1362.0,1855044.0,128000
3627.0,13155129.0,625000
2520.0,6350400.0,290000
944.0,891136.0,82000
912.0,831744.0,125000
1553.0,2411809.0,186500
948.0,898704.0,111000
1852.0,3429904.0,252678
1230.0,1512900.0,110000
1080.0,1166400.0,141000
1250.0,1562500.0,116000
1611.0,2595321.0,167900
1949.0,3798601.0,236000
1369.0,1874161.0,103600
1482.0,2196324.0,163900
1048.0,1098304.0,113000
1372.0,1882384.0,250580
1296.0,1679616.0,220000
990.0,980100.0,126000
1489.0,2217121.0,139500
2172.0,4717584.0,280000
1266.0,1602756.0,159895
1218.0,1483524.0,208300
932.0,868624.0,124000
1322.0,1747684.0,147000
1635.0,2673225.0,117000
1478.0,2184484.0,157500
1184.0,1401856.0,81000
1710.0,2924100.0,208500
912.0,831744.0,156000
2126.0,4519876.0,185000
1394.0,1943236.0,167500
970.0,940900.0,132500
1034.0,1069156.0,169900
1720.0,2958400.0,196500
1387.0,1923769.0,93000
1357.0,1841449.0,177000
1264.0,1597696.0,167500
1484.0,2202256.0,174000
1767.0,3122289.0,239000
813.0,660969.0,110000
754.0,568516.0,84500
2069.0,4280761.0,242000
1509.0,2277081.0,175000
1481.0,2193361.0,174000
960.0,921600.0,129000
1040.0,1081600.0,109900
1040.0,1081600.0,90000
1802.0,3247204.0,200100
2610.0,6812100.0,303477
1466.0,2149156.0,149900
1652.0,2729104.0,139000
2097.0,4397409.0,228000
1625.0,2640625.0,235000
2287.0,5230369.0,225000
2822.0,7963684.0,582933
2054.0,4218916.0,244000
1336.0,1784896.0,157000
894.0,799236.0,110000
1719.0,2954961.0,324000
2127.0,4524129.0,271000
1251.0,1565001.0,160000
912.0,831744.0,120000
968.0,937024.0,37900
1829.0,3345241.0,237000
1574.0,2477476.0,190000
720.0,518400.0,34900
1980.0,3920400.0,315000
1621.0,2627641.0,202500
1602.0,2566404.0,215000
1616.0,2611456.0,152000
1600.0,2560000.0,207500
2119.0,4490161.0,158000
1709.0,2920681.0,130000
2110.0,4452100.0,244000
774.0,599076.0,79000
796.0,633616.0,55000
1707.0,2913849.0,228000
2161.0,4669921.0,325624
1716.0,2944656.0,191000
1362.0,1855044.0,163000
1796.0,3225616.0,211000
1652.0,2729104.0,392500
1482.0,2196324.0,143000
1015.0,1030225.0,88000
1578.0,2490084.0,133000
1086.0,1179396.0,144900
1218.0,1483524.0,91500
860.0,739600.0,137000
1140.0,1299600.0,96500
1502.0,2256004.0,149000
1165.0,1357225.0,174900
1960.0,3841600.0,216500
2031.0,4124961.0,222500
1392.0,1937664.0,161750
1541.0,2374681.0,220000
1327.0,1760929.0,150750
1324.0,1752976.0,128000
1552.0,2408704.0,179900
2810.0,7896100.0,302000
3608.0,13017664.0,475000
1328.0,1763584.0,170000
2519.0,6345361.0,335000
1517.0,2301289.0,115000
1057.0,1117249.0,109000
2132.0,4545424.0,316600
1629.0,2653641.0,270000
1188.0,1411344.0,142000
1464.0,2143296.0,282922
1216.0,1478656.0,164000
1634.0,2669956.0,250000
924.0,853776.0,122900
1060.0,1123600.0,154000
1548.0,2396304.0,155000
438.0,191844.0,60000
747.0,558009.0,80000
892.0,795664.0,100000
1190.0,1416100.0,132500
1394.0,1943236.0,159000
1960.0,3841600.0,124500
848.0,719104.0,131500
1339.0,1792921.0,180000
784.0,614656.0,76000
948.0,898704.0,108000
1178.0,1387684.0,157000
1983.0,3932289.0,225000
1728.0,2985984.0,188000
764.0,583696.0,73000
988.0,976144.0,91000
1224.0,1498176.0,173733
987.0,974169.0,94500
1908.0,3640464.0,210000
1144.0,1308736.0,129000
1032.0,1065024.0,148000
2060.0,4243600.0,211000
1114.0,1240996.0,159000
1724.0,2972176.0,197900
1218.0,1483524.0,118000
841.0,707281.0,82000
1088.0,1183744.0,170000
864.0,746496.0,136500
1826.0,3334276.0,319000
1111.0,1234321.0,101000
912.0,831744.0,147000
2270.0,5152900.0,290000
923.0,851929.0,119500
910.0,828100.0,116000
1040.0,1081600.0,92900
1374.0,1887876.0,105000
2121.0,4498641.0,415298
1959.0,3837681.0,215000
1539.0,2368521.0,141500
1268.0,1607824.0,132000
960.0,921600.0,108500
1097.0,1203409.0,145000
1768.0,3125824.0,163000
1668.0,2782224.0,140000
1392.0,1937664.0,110000
1412.0,1993744.0,132500
1630.0,2656900.0,295493
1241.0,1540081.0,199900
768.0,589824.0,129500
1640.0,2689600.0,224000
1419.0,2013561.0,392000
1200.0,1440000.0,179000
1479.0,2187441.0,184000
1414.0,1999396.0,176500
1344.0,1806336.0,98000
2320.0,5382400.0,169000
788.0,620944.0,100000
1441.0,2076481.0,148500
864.0,746496.0,127500
864.0,746496.0,120500
1776.0,3154176.0,110000
1056.0,1115136.0,142000
904.0,817216.0,61000
1478.0,2184484.0,222000
1605.0,2576025.0,107400
1790.0,3204100.0,193000
1868.0,3489424.0,197500
1218.0,1483524.0,113000
2084.0,4343056.0,385000
1456.0,2119936.0,148500
1256.0,1577536.0,147500
1509.0,2277081.0,183200
2320.0,5382400.0,259500
2624.0,6885376.0,239000
1375.0,1890625.0,141000
1095.0,1199025.0,140000
2200.0,4840000.0,145900
1494.0,2232036.0,221000
1346.0,1811716.0,112000
990.0,980100.0,123600
2358.0,5560164.0,240000
833.0,693889.0,117000
2482.0,6160324.0,281213
2098.0,4401604.0,275500
899.0,808201.0,130000
2324.0,5400976.0,345000
894.0,799236.0,123000
1575.0,2480625.0,179200
848.0,719104.0,141000
1690.0,2856100.0,144000
1475.0,2175625.0,127000
1362.0,1855044.0,194700
1456.0,2119936.0,215000
2462.0,6061444.0,320000
1796.0,3225616.0,140000
1472.0,2166784.0,125000
1604.0,2572816.0,220000
1786.0,3189796.0,228950
1661.0,2758921.0,165500
630.0,396900.0,80000
2020.0,4080400.0,402861
1665.0,2772225.0,227000
1836.0,3370896.0,216837
2372.0,5626384.0,107500
1301.0,1692601.0,100000
1240.0,1537600.0,194000
1244.0,1547536.0,150000
1795.0,3222025.0,230000
1167.0,1361889.0,173000
1578.0,2490084.0,287090
1908.0,3640464.0,202900
1198.0,1435204.0,79900
1976.0,3904576.0,440000
1328.0,1763584.0,107000
1268.0,1607824.0,143500
1250.0,1562500.0,171900
1664.0,2768896.0,100000
1416.0,2005056.0,179900
2291.0,5248681.0,133900
1710.0,2924100.0,240000
616.0,379456.0,89000
1050.0,1102500.0,136500
1252.0,1567504.0,235000
990.0,980100.0,138000
1078.0,1162084.0,142125
2087.0,4355569.0,187500
1429.0,2042041.0,181900
1812.0,3283344.0,140000
1138.0,1295044.0,145000
1484.0,2202256.0,175000
1557.0,2424249.0,234000
1196.0,1430416.0,109900
864.0,746496.0,129900
1056.0,1115136.0,139400
2526.0,6380676.0,290000
1145.0,1311025.0,160200
1092.0,1192464.0,139000
1432.0,2050624.0,132000
1392.0,1937664.0,166000
1456.0,2119936.0,163990
1053.0,1108809.0,145500
3395.0,11526025.0,200000
1287.0,1656369.0,162000
778.0,605284.0,120500
1092.0,1192464.0,88000
747.0,558009.0,79900
1733.0,3003289.0,225000
1646.0,2709316.0,248900
2149.0,4618201.0,239686
1582.0,2502724.0,190000
1742.0,3034564.0,168000
1040.0,1081600.0,132250
912.0,831744.0,114500
2198.0,4831204.0,250000
1680.0,2822400.0,136905
3447.0,11881809.0,381000
1316.0,1731856.0,130000
2601.0,6765201.0,189000
1365.0,1863225.0,125000
1258.0,1582564.0,172500
1574.0,2477476.0,232000
1096.0,1201216.0,138800
987.0,974169.0,100000
1708.0,2917264.0,130000
3493.0,12201049.0,295000
1752.0,3069504.0,164000
2036.0,4145296.0,375000
1344.0,1806336.0,115000
1109.0,1229881.0,139000
1470.0,2160900.0,177000
952.0,906304.0,139000
1680.0,2822400.0,222000
1516.0,2298256.0,167000
1734.0,3006756.0,318000
1502.0,2256004.0,212000
1626.0,2643876.0,173000
1469.0,2157961.0,135000
1550.0,2402500.0,241000
1368.0,1871424.0,202665
2596.0,6739216.0,342643
1339.0,1792921.0,139000
1839.0,3381921.0,221000
2452.0,6012304.0,309000
1509.0,2277081.0,180000
1434.0,2056356.0,189000
1294.0,1674436.0,179200
1680.0,2822400.0,177000
1721.0,2961841.0,201000
864.0,746496.0,111250
1501.0,2253001.0,179400
2337.0,5461569.0,90000
1872.0,3504384.0,241500
1530.0,2340900.0,259000
1484.0,2202256.0,128000
630.0,396900.0,86000
1200.0,1440000.0,125000
2872.0,8248384.0,272000
1445.0,2088025.0,158000
1116.0,1245456.0,160000
2090.0,4368100.0,207500
943.0,889249.0,135960
1608.0,2585664.0,137450
1296.0,1679616.0,90000
840.0,705600.0,87000
1978.0,3912484.0,176000
999.0,998001.0,178400
958.0,917764.0,143750
2727.0,7436529.0,315000
1167.0,1361889.0,144000
1851.0,3426201.0,187000
1252.0,1567504.0,142000
912.0,831744.0,80500
1040.0,1081600.0,152000
1525.0,2325625.0,177000
2452.0,6012304.0,267000
3228.0,10419984.0,430000
1166.0,1359556.0,190000
1846.0,3407716.0,143000
1074.0,1153476.0,153500
2344.0,5494336.0,265000
893.0,797449.0,135000
1493.0,2229049.0,208900
1968.0,3873024.0,269500
1004.0,1008016.0,149000
1456.0,2119936.0,91500
1635.0,2673225.0,210000
1458.0,2125764.0,97500
1224.0,1498176.0,165000
1506.0,2268036.0,213490
2136.0,4562496.0,137900
1416.0,2005056.0,155000
2633.0,6932689.0,466500
1468.0,2155024.0,244600
773.0,597529.0,110000
1302.0,1695204.0,112000
900.0,810000.0,134800
904.0,817216.0,119000
1844.0,3400336.0,223000
1555.0,2418025.0,192500
1297.0,1682209.0,153000
1529.0,2337841.0,98000
1733.0,3003289.0,139600
1710.0,2924100.0,187000
1868.0,3489424.0,178000
1126.0,1267876.0,160000
1102.0,1214404.0,148800
1913.0,3659569.0,177000
1567.0,2455489.0,264561
1050.0,1102500.0,128900
1580.0,2496400.0,235128
1314.0,1726596.0,229456
2792.0,7795264.0,256000
1688.0,2849344.0,200000
1232.0,1517824.0,162500
1229.0,1510441.0,124000
1699.0,2886601.0,95000
936.0,876096.0,93000
1948.0,3794704.0,195000
2224.0,4946176.0,350000
2002.0,4008004.0,145000
1993.0,3972049.0,190000
1861.0,3463321.0,200000
1041.0,1083681.0,124500
986.0,972196.0,102000
1405.0,1974025.0,171750
1226.0,1503076.0,198900
838.0,702244.0,130000
864.0,746496.0,58500
1006.0,1012036.0,80000
1842.0,3392964.0,385000
1710.0,2924100.0,372402
2263.0,5121169.0,258000
2290.0,5244100.0,122500
1100.0,1210000.0,141000
2117.0,4481689.0,237500
960.0,921600.0,112000
1774.0,3147076.0,129900
1082.0,1170724.0,119200
1122.0,1258884.0,147000
1338.0,1790244.0,213500
1756.0,3083536.0,204000
1302.0,1695204.0,158000
951.0,904401.0,106500
987.0,974169.0,83000
1090.0,1188100.0,157000
1604.0,2572816.0,117000
1512.0,2286144.0,168500
1577.0,2486929.0,140200
2167.0,4695889.0,294000
1212.0,1468944.0,151000
969.0,938961.0,122000
1072.0,1149184.0,148000
1518.0,2304324.0,274000
1188.0,1411344.0,157900
1958.0,3833764.0,250000
1069.0,1142761.0,140000
1788.0,3196944.0,236500
2414.0,5827396.0,160000
720.0,518400.0,72500
1261.0,1590121.0,163000
875.0,765625.0,105000
672.0,451584.0,108000
980.0,960400.0,127500
1214.0,1473796.0,105000
1486.0,2208196.0,167000
1660.0,2755600.0,188700
1217.0,1481089.0,173000
1564.0,2446096.0,174500
1490.0,2220100.0,184000
3194.0,10201636.0,359100
1501.0,2253001.0,204000
1320.0,1742400.0,162000
2612.0,6822544.0,336000
3112.0,9684544.0,235000
2230.0,4972900.0,118500
2022.0,4088484.0,192000
2263.0,5121169.0,235000
1632.0,2663424.0,176500
1288.0,1658944.0,245500
1080.0,1166400.0,136000
1700.0,2890000.0,200000
1310.0,1716100.0,112000
1067.0,1138489.0,128000
1928.0,3717184.0,137000
2784.0,7750656.0,250000
2097.0,4397409.0,274300
816.0,665856.0,120500
1953.0,3814209.0,240000
1659.0,2752281.0,278000
1779.0,3164841.0,170000
1248.0,1557504.0,167240
1929.0,3721041.0,226000
1262.0,1592644.0,181500
2696.0,7268416.0,383970
894.0,799236.0,138500
1912.0,3655744.0,163000
965.0,931225.0,119900
1824.0,3326976.0,139000
1787.0,3193369.0,275000
1440.0,2073600.0,118000
1252.0,1567504.0,119000
1987.0,3948169.0,301500
1181.0,1394761.0,137500
1792.0,3211264.0,186500
864.0,746496.0,99900
1128.0,1272384.0,155000
1959.0,3837681.0,270000
1839.0,3381921.0,155000
904.0,817216.0,109900
1040.0,1081600.0,150500
918.0,842724.0,99500
1520.0,2310400.0,153000
1411.0,1990921.0,82500
2058.0,4235364.0,129500
2201.0,4844401.0,274970
1656.0,2742336.0,165400
1494.0,2232036.0,215000
1564.0,2446096.0,171000
981.0,962361.0,143250
1502.0,2256004.0,165000
1092.0,1192464.0,141000
1520.0,2310400.0,159434
1320.0,1742400.0,164500
1836.0,3370896.0,280000
1889.0,3568321.0,122000
1130.0,1276900.0,120000
2398.0,5750404.0,315750
1991.0,3964081.0,220000
1838.0,3378244.0,315000
1352.0,1827904.0,158000
1720.0,2958400.0,260400
1716.0,2944656.0,171000
999.0,998001.0,132500
1470.0,2160900.0,185000
1132.0,1281424.0,176000
1674.0,2802276.0,185000
1337.0,1787569.0,181000
1349.0,1819801.0,179000
1148.0,1317904.0,132500
1683.0,2832489.0,172500
1344.0,1806336.0,97000
1696.0,2876416.0,143900
882.0,777924.0,106500
1895.0,3591025.0,194500
894.0,799236.0,109500
1812.0,3283344.0,169500
1714.0,2937796.0,196500
1114.0,1240996.0,155000
1689.0,2852721.0,248328
1376.0,1893376.0,105000
2704.0,7311616.0,345000
1872.0,3504384.0,261500
858.0,736164.0,116500
864.0,746496.0,120500
1668.0,2782224.0,285000
835.0,697225.0,83000
1128.0,1272384.0,118000
1639.0,2686321.0,115000
1214.0,1473796.0,140000
1556.0,2421136.0,154000
1364.0,1860496.0,185850
2236.0,4999696.0,222000
1004.0,1008016.0,135000
1121.0,1256641.0,140000
1721.0,2961841.0,180000
1316.0,1731856.0,200141
1324.0,1752976.0,160000
1360.0,1849600.0,187500
1194.0,1425636.0,148000
1856.0,3444736.0,394432
900.0,810000.0,122000
1134.0,1285956.0,126000
1961.0,3845521.0,215000
816.0,665856.0,138000
894.0,799236.0,129000
1092.0,1192464.0,83500
1094.0,1196836.0,155000
1811.0,3279721.0,230000
1294.0,1674436.0,106250
2034.0,4137156.0,219500
1253.0,1570009.0,157000
2514.0,6320196.0,250000
1154.0,1331716.0,154000
1456.0,2119936.0,172785
1800.0,3240000.0,179000
1656.0,2742336.0,135000
2365.0,5593225.0,337000
1436.0,2062096.0,210000
1062.0,1127844.0,146800
1466.0,2149156.0,170000
1155.0,1334025.0,148000
1536.0,2359296.0,214000
971.0,942841.0,128500
1003.0,1006009.0,142500
1504.0,2262016.0,203000
1920.0,3686400.0,137000
1242.0,1542564.0,175500
2340.0,5475600.0,266500
1661.0,2758921.0,224900
1113.0,1238769.0,148000
1230.0,1512900.0,121600
1279.0,1635841.0,171500
2668.0,7118224.0,412500
1208.0,1459264.0,103000
1310.0,1716100.0,164990
2576.0,6635776.0,361919
936.0,876096.0,140000
1647.0,2712609.0,128000
1220.0,1488400.0,194000
882.0,777924.0,112500
1302.0,1695204.0,106000
1442.0,2079364.0,180500
1561.0,2436721.0,277500
1204.0,1449616.0,162000
1378.0,1898884.0,161000
848.0,719104.0,149300
1525.0,2325625.0,235000
1235.0,1525225.0,98600
1412.0,1993744.0,156932
2240.0,5017600.0,142953
2295.0,5267025.0,268000
1668.0,2782224.0,232000
1614.0,2604996.0,221500
866.0,749956.0,110500
1494.0,2232036.0,279500
1432.0,2050624.0,188500
1904.0,3625216.0,275000
1125.0,1265625.0,125000
1072.0,1149184.0,140000
1867.0,3485689.0,190000
1482.0,2196324.0,140000
2376.0,5645376.0,325300
1048.0,1098304.0,98300
1820.0,3312400.0,201800
1200.0,1440000.0,151000
2018.0,4072324.0,378500
996.0,992016.0,108000
848.0,719104.0,136500
1761.0,3101121.0,227875
1057.0,1117249.0,132000
1593.0,2537649.0,286000
1382.0,1909924.0,165000
1391.0,1934881.0,196000
1363.0,1857769.0,164900
1459.0,2128681.0,192000
1652.0,2729104.0,251000
1026.0,1052676.0,147000
2640.0,6969600.0,265979
1640.0,2689600.0,173000
1108.0,1227664.0,139400
693.0,480249.0,52500
1203.0,1447209.0,110000
1572.0,2471184.0,186700
1560.0,2433600.0,201000
1958.0,3833764.0,145000
894.0,799236.0,125000
1269.0,1610361.0,192000
1428.0,2039184.0,227680
1932.0,3732624.0,394617
1684.0,2835856.0,266000
3279.0,10751841.0,538000
816.0,665856.0,100000
2157.0,4652649.0,226000
1682.0,2829124.0,200500
698.0,487204.0,118000
1687.0,2845969.0,160000
1224.0,1498176.0,164500
1728.0,2985984.0,119000
1141.0,1301881.0,142500
1277.0,1630729.0,167000
1123.0,1261129.0,100000
2524.0,6370576.0,278000
1314.0,1726596.0,176432
1981.0,3924361.0,135000
864.0,746496.0,115000
1426.0,2033476.0,189950
1555.0,2418025.0,174000
