TotalBsmtSF,TotalBsmtSF^2,SalePrice
1314.0,1726596.0,145000
799.0,638401.0,178000
796.0,633616.0,85000
731.0,534361.0,175000
1026.0,1052676.0,127000
894.0,799236.0,149900
684.0,467856.0,174000
796.0,633616.0,125500
1422.0,2022084.0,175500
1496.0,2238016.0,225000
814.0,662596.0,129000
1024.0,1048576.0,159950
1271.0,1615441.0,157000
768.0,589824.0,205000
1164.0,1354896.0,140000
1010.0,1020100.0,200000
1809.0,3272481.0,217000
825.0,680625.0,125000
690.0,476100.0,159500
1606.0,2579236.0,184000
768.0,589824.0,96500
1248.0,1557504.0,200000
1042.0,1085764.0,149000
783.0,613089.0,178900
1176.0,1382976.0,184900
625.0,390625.0,164700
1902.0,3617604.0,335000
0.0,0.0,87500
1502.0,2256004.0,233170
1228.0,1507984.0,149350
832.0,692224.0,133000
864.0,746496.0,98000
1686.0,2842596.0,207500
1281.0,1640961.0,150000
858.0,736164.0,134900
1293.0,1671849.0,187750
1505.0,2265025.0,149500
864.0,746496.0,116050
1086.0,1179396.0,153337
1383.0,1912689.0,165000
816.0,665856.0,130500
1344.0,1806336.0,206300
689.0,474721.0,146000
1065.0,1134225.0,126500
661.0,436921.0,139000
736.0,541696.0,113000
572.0,327184.0,79000
1428.0,2039184.0,182000
773.0,597529.0,188000
864.0,746496.0,129000
686.0,470596.0,160000
1319.0,1739761.0,174000
879.0,772641.0,219210
1017.0,1034289.0,310000
1792.0,3211264.0,374000
968.0,937024.0,100000
1054.0,1110916.0,250000
648.0,419904.0,145000
1237.0,1530169.0,325000
2153.0,4635409.0,380000
1594.0,2540836.0,275000
1298.0,1684804.0,180000
1694.0,2869636.0,245350
958.0,917764.0,151500
925.0,855625.0,134500
780.0,608400.0,94000
814.0,662596.0,216000
2109.0,4447881.0,350000
848.0,719104.0,195000
626.0,391876.0,120000
1284.0,1648656.0,228500
973.0,946729.0,248000
1144.0,1308736.0,124000
1346.0,1811716.0,191000
1040.0,1081600.0,181000
560.0,313600.0,105000
978.0,956484.0,139900
1442.0,2079364.0,157900
768.0,589824.0,130500
953.0,908209.0,172400
384.0,147456.0,130000
707.0,499849.0,178000
1372.0,1882384.0,161500
793.0,628849.0,119900
952.0,906304.0,239000
1844.0,3400336.0,190000
483.0,233289.0,85400
1610.0,2592100.0,205000
1084.0,1175056.0,134000
1249.0,1560001.0,168000
802.0,643204.0,185000
1152.0,1327104.0,180500
910.0,828100.0,152000
777.0,603729.0,215000
992.0,984064.0,153000
849.0,720801.0,106000
1580.0,2496400.0,340000
912.0,831744.0,159000
862.0,743044.0,120000
0.0,0.0,115000
1078.0,1162084.0,128000
1822.0,3319684.0,314813
768.0,589824.0,131000
1452.0,2108304.0,446261
884.0,781456.0,127500
910.0,828100.0,155000
1200.0,1440000.0,177500
720.0,518400.0,128500
728.0,529984.0,176000
1629.0,2653641.0,402000
940.0,883600.0,130000
1092.0,1192464.0,145000
1113.0,1238769.0,147000
864.0,746496.0,115000
994.0,988036.0,189000
1632.0,2663424.0,143000
1522.0,2316484.0,240000
1314.0,1726596.0,230000
750.0,562500.0,190000
1473.0,2169729.0,213000
420.0,176400.0,82500
1713.0,2934369.0,274900
1269.0,1610361.0,155000
2077.0,4313929.0,423000
864.0,746496.0,128500
1104.0,1218816.0,335000
1624.0,2637376.0,262000
1040.0,1081600.0,129500
884.0,781456.0,222500
1494.0,2232036.0,270000
1314.0,1726596.0,207500
702.0,492804.0,175000
1104.0,1218816.0,238000
780.0,608400.0,135900
1358.0,1844164.0,224000
384.0,147456.0,170000
1221.0,1490841.0,185000
912.0,831744.0,263000
864.0,746496.0,62383
1008.0,1016064.0,150000
1390.0,1932100.0,171000
1056.0,1115136.0,139000
1162.0,1350244.0,126175
813.0,660969.0,205950
684.0,467856.0,110000
1926.0,3709476.0,485000
1304.0,1700416.0,174000
547.0,299209.0,145000
756.0,571536.0,215200
1905.0,3629025.0,320000
799.0,638401.0,212000
1248.0,1557504.0,168500
1055.0,1113025.0,189000
533.0,284089.0,140000
691.0,477481.0,187500
991.0,982081.0,254900
1098.0,1205604.0,135000
1054.0,1110916.0,151000
928.0,861184.0,112500
1026.0,1052676.0,184000
824.0,678976.0,197000
1104.0,1218816.0,161500
1022.0,1044484.0,85000
1274.0,1623076.0,203000
1122.0,1258884.0,325000
1440.0,2073600.0,313000
1128.0,1272384.0,237000
764.0,583696.0,180500
1008.0,1016064.0,137000
440.0,193600.0,90350
1728.0,2985984.0,150900
1588.0,2521744.0,214000
1392.0,1937664.0,121500
2396.0,5740816.0,745000
808.0,652864.0,190000
1346.0,1811716.0,181000
1276.0,1628176.0,60000
1800.0,3240000.0,239000
816.0,665856.0,118500
0.0,0.0,109500
924.0,853776.0,110000
832.0,692224.0,105500
930.0,864900.0,199900
2158.0,4656964.0,271900
1039.0,1079521.0,131500
720.0,518400.0,135000
861.0,741321.0,119000
791.0,625681.0,215000
864.0,746496.0,133500
804.0,646416.0,169000
936.0,876096.0,137500
1120.0,1254400.0,147000
1616.0,2611456.0,232000
1073.0,1151329.0,156000
1389.0,1929321.0,170000
861.0,741321.0,82500
560.0,313600.0,155000
1466.0,2149156.0,424870
1595.0,2544025.0,236500
1437.0,2064969.0,218000
1630.0,2656900.0,213000
1800.0,3240000.0,312500
528.0,278784.0,187000
841.0,707281.0,181000
956.0,913936.0,233000
616.0,379456.0,95000
270.0,72900.0,52000
1362.0,1855044.0,181000
2216.0,4910656.0,501837
858.0,736164.0,88000
833.0,693889.0,112000
931.0,866761.0,140000
1416.0,2005056.0,167000
1383.0,1912689.0,145250
1542.0,2377764.0,210000
650.0,422500.0,157500
1552.0,2408704.0,212900
925.0,855625.0,117500
1414.0,1999396.0,185500
1013.0,1026169.0,85000
1626.0,2643876.0,145000
1709.0,2920681.0,255500
636.0,404496.0,124000
698.0,487204.0,134900
1406.0,1976836.0,230500
858.0,736164.0,110000
1079.0,1164241.0,233230
596.0,355216.0,157000
1728.0,2985984.0,142600
764.0,583696.0,154000
654.0,427716.0,179665
768.0,589824.0,91000
793.0,628849.0,197900
803.0,644809.0,205000
588.0,345744.0,161000
985.0,970225.0,149900
1358.0,1844164.0,207000
848.0,719104.0,143000
1085.0,1177225.0,281000
2046.0,4186116.0,372500
992.0,984064.0,235000
844.0,712336.0,214500
1347.0,1814409.0,260000
912.0,831744.0,149700
864.0,746496.0,131000
912.0,831744.0,144000
1080.0,1166400.0,215000
1362.0,1855044.0,176000
0.0,0.0,144000
1010.0,1020100.0,155000
1318.0,1737124.0,290000
1004.0,1008016.0,230000
1660.0,2755600.0,290000
1698.0,2883204.0,328900
912.0,831744.0,142000
928.0,861184.0,231500
723.0,522729.0,162000
1040.0,1081600.0,133000
2392.0,5721664.0,386250
1103.0,1216609.0,110500
1034.0,1069156.0,339750
720.0,518400.0,87000
1092.0,1192464.0,158500
1053.0,1108809.0,170000
0.0,0.0,55000
747.0,558009.0,138887
570.0,324900.0,170000
1670.0,2788900.0,240000
600.0,360000.0,147400
1501.0,2253001.0,289000
1656.0,2742336.0,135000
756.0,571536.0,140000
1393.0,1940449.0,333168
728.0,529984.0,146500
1136.0,1290496.0,354000
796.0,633616.0,143000
1476.0,2178576.0,265900
864.0,746496.0,146000
1064.0,1132096.0,165000
0.0,0.0,82000
1650.0,2722500.0,213250
540.0,291600.0,79000
1214.0,1473796.0,143000
725.0,525625.0,130500
893.0,797449.0,239900
771.0,594441.0,177500
1475.0,2175625.0,262280
1588.0,2521744.0,227000
655.0,429025.0,159500
1479.0,2187441.0,217000
2033.0,4133089.0,410000
870.0,756900.0,148000
728.0,529984.0,178000
1078.0,1162084.0,162900
1372.0,1882384.0,187500
983.0,966289.0,160000
866.0,749956.0,212000
1196.0,1430416.0,139000
0.0,0.0,108000
0.0,0.0,84000
784.0,614656.0,172000
784.0,614656.0,104900
684.0,467856.0,114504
483.0,233289.0,106000
910.0,828100.0,179900
836.0,698896.0,102000
1500.0,2250000.0,190000
1284.0,1648656.0,340000
1947.0,3790809.0,180000
1187.0,1408969.0,206000
1050.0,1102500.0,131500
1440.0,2073600.0,150000
1212.0,1468944.0,186000
572.0,327184.0,116900
1142.0,1304164.0,299800
880.0,774400.0,188000
1328.0,1763584.0,143000
1052.0,1106704.0,138500
1288.0,1658944.0,260000
948.0,898704.0,119000
728.0,529984.0,167500
440.0,193600.0,85500
1554.0,2414916.0,209500
952.0,906304.0,206900
816.0,665856.0,112000
839.0,703921.0,193000
1161.0,1347921.0,197500
1240.0,1537600.0,139000
920.0,846400.0,119750
0.0,0.0,198500
980.0,960400.0,135000
920.0,846400.0,223500
1686.0,2842596.0,307000
972.0,944784.0,132000
1188.0,1411344.0,168000
1055.0,1113025.0,287000
539.0,290521.0,197000
1070.0,1144900.0,134450
1040.0,1081600.0,133700
1704.0,2903616.0,306000
1193.0,1423249.0,180000
1489.0,2217121.0,232600
1386.0,1920996.0,175900
1212.0,1468944.0,178000
1573.0,2474329.0,227000
732.0,535824.0,165150
1324.0,1752976.0,223500
864.0,746496.0,207500
1566.0,2452356.0,256300
1922.0,3694084.0,377426
846.0,715716.0,224500
1656.0,2742336.0,249700
641.0,410881.0,100000
1848.0,3415104.0,437154
1425.0,2030625.0,180500
952.0,906304.0,121000
990.0,980100.0,156000
938.0,879844.0,180000
1056.0,1115136.0,107000
1746.0,3048516.0,377500
832.0,692224.0,185000
520.0,270400.0,175000
831.0,690561.0,195000
1752.0,3069504.0,319900
1361.0,1852321.0,190000
3138.0,9847044.0,184750
784.0,614656.0,109500
1040.0,1081600.0,129000
1051.0,1104601.0,148000
672.0,451584.0,158900
0.0,0.0,39300
600.0,360000.0,151000
1375.0,1890625.0,178740
1584.0,2509056.0,124000
792.0,627264.0,230000
1258.0,1582564.0,145000
876.0,767376.0,125500
1158.0,1340964.0,158000
876.0,767376.0,163500
1021.0,1042441.0,129000
1232.0,1517824.0,194500
864.0,746496.0,127000
807.0,651249.0,228500
1086.0,1179396.0,280000
1276.0,1628176.0,234000
953.0,908209.0,175000
1604.0,2572816.0,193000
0.0,0.0,120000
1930.0,3724900.0,395192
994.0,988036.0,136900
840.0,705600.0,144000
764.0,583696.0,175500
720.0,518400.0,110000
1128.0,1272384.0,255900
816.0,665856.0,110000
1204.0,1449616.0,229000
1088.0,1183744.0,124900
918.0,842724.0,164000
1844.0,3400336.0,257000
1571.0,2468041.0,239000
1362.0,1855044.0,200000
1907.0,3636649.0,171000
1181.0,1394761.0,285000
896.0,802816.0,193500
600.0,360000.0,144152
1053.0,1108809.0,250000
969.0,938961.0,248000
1643.0,2699449.0,302000
1833.0,3359889.0,326000
644.0,414736.0,127500
840.0,705600.0,180000
319.0,101761.0,89500
1517.0,2301289.0,190000
1228.0,1507984.0,189000
943.0,889249.0,192000
960.0,921600.0,94750
1698.0,2883204.0,320000
1056.0,1115136.0,128000
912.0,831744.0,135000
0.0,0.0,118964
630.0,396900.0,81000
546.0,298116.0,88000
1652.0,2729104.0,325000
1144.0,1308736.0,139950
1795.0,3222025.0,147000
1541.0,2374681.0,205000
1075.0,1155625.0,127000
776.0,602176.0,174000
1468.0,2155024.0,191000
483.0,233289.0,89500
672.0,451584.0,113000
720.0,518400.0,179500
2000.0,4000000.0,305900
1125.0,1265625.0,155000
0.0,0.0,93000
1477.0,2181529.0,257500
1444.0,2085136.0,277000
1306.0,1705636.0,328000
816.0,665856.0,165000
845.0,714025.0,129500
824.0,678976.0,204750
588.0,345744.0,191000
1398.0,1954404.0,165500
959.0,919681.0,173000
780.0,608400.0,119500
1436.0,2062096.0,127500
718.0,515524.0,159500
876.0,767376.0,153900
816.0,665856.0,129900
1090.0,1188100.0,152000
1442.0,2079364.0,185000
672.0,451584.0,127000
384.0,147456.0,168500
1117.0,1247689.0,269790
1563.0,2442969.0,245000
1364.0,1860496.0,256000
720.0,518400.0,135000
1095.0,1199025.0,87000
1391.0,1934881.0,239799
1302.0,1695204.0,176485
648.0,419904.0,116000
1766.0,3118756.0,370878
1237.0,1530169.0,176000
1040.0,1081600.0,152000
1078.0,1162084.0,149900
806.0,649636.0,168000
1332.0,1774224.0,260000
992.0,984064.0,214000
819.0,670761.0,137500
1040.0,1081600.0,169500
1029.0,1058841.0,118500
942.0,887364.0,151400
750.0,562500.0,173900
2217.0,4915089.0,268000
1370.0,1876900.0,202500
1262.0,1592644.0,185000
817.0,667489.0,214900
1694.0,2869636.0,318000
864.0,746496.0,97000
970.0,940900.0,130000
715.0,511225.0,104900
608.0,369664.0,123000
1673.0,2798929.0,320000
684.0,467856.0,127000
728.0,529984.0,76500
768.0,589824.0,133000
991.0,982081.0,118000
649.0,421201.0,120000
728.0,529984.0,179540
975.0,950625.0,230000
848.0,719104.0,140000
1682.0,2829124.0,426000
884.0,781456.0,117000
1127.0,1270129.0,235000
637.0,405769.0,108000
6110.0,37332100.0,160000
1024.0,1048576.0,144000
832.0,692224.0,263435
941.0,885481.0,135000
1568.0,2458624.0,262500
1728.0,2985984.0,125000
866.0,749956.0,226700
1048.0,1098304.0,135000
864.0,746496.0,190000
684.0,467856.0,122000
868.0,753424.0,187500
1581.0,2499561.0,272000
1052.0,1106704.0,172500
622.0,386884.0,125500
980.0,960400.0,123500
1286.0,1653796.0,193879
912.0,831744.0,87000
408.0,166464.0,184100
1440.0,2073600.0,182900
1140.0,1299600.0,84500
1107.0,1225449.0,200000
798.0,636804.0,183000
1408.0,1982464.0,193500
735.0,540225.0,131000
1142.0,1304164.0,134000
1097.0,1203409.0,165500
1164.0,1354896.0,125000
596.0,355216.0,78000
1422.0,2022084.0,179600
894.0,799236.0,130000
1082.0,1170724.0,252000
963.0,927369.0,231500
672.0,451584.0,80000
744.0,553536.0,125000
800.0,640000.0,219500
808.0,652864.0,178000
910.0,828100.0,166000
1257.0,1580049.0,176000
868.0,753424.0,274725
1350.0,1822500.0,167900
600.0,360000.0,160000
714.0,509796.0,136000
3094.0,9572836.0,555000
611.0,373321.0,128000
1930.0,3724900.0,625000
1203.0,1447209.0,290000
0.0,0.0,82000
912.0,831744.0,125000
756.0,571536.0,186500
864.0,746496.0,111000
900.0,810000.0,252678
440.0,193600.0,110000
1080.0,1166400.0,141000
686.0,470596.0,116000
780.0,608400.0,167900
1050.0,1102500.0,236000
672.0,451584.0,103600
384.0,147456.0,163900
993.0,986049.0,113000
1372.0,1882384.0,250580
1267.0,1605289.0,220000
990.0,980100.0,126000
778.0,605284.0,139500
1063.0,1129969.0,280000
1266.0,1602756.0,159895
1218.0,1483524.0,208300
932.0,868624.0,124000
855.0,731025.0,147000
485.0,235225.0,117000
1478.0,2184484.0,157500
658.0,432964.0,81000
856.0,732736.0,208500
888.0,788544.0,156000
1013.0,1026169.0,185000
384.0,147456.0,167500
970.0,940900.0,132500
1012.0,1024144.0,169900
860.0,739600.0,196500
811.0,657721.0,93000
1019.0,1038361.0,177000
1268.0,1607824.0,167500
742.0,550564.0,174000
1064.0,1132096.0,239000
813.0,660969.0,110000
520.0,270400.0,84500
585.0,342225.0,242000
1461.0,2134521.0,175000
702.0,492804.0,174000
960.0,921600.0,129000
0.0,0.0,109900
0.0,0.0,90000
793.0,628849.0,200100
1184.0,1401856.0,303477
1466.0,2149156.0,149900
686.0,470596.0,139000
1080.0,1166400.0,228000
1573.0,2474329.0,235000
1304.0,1700416.0,225000
1734.0,3006756.0,582933
992.0,984064.0,244000
1165.0,1357225.0,157000
894.0,799236.0,110000
1719.0,2954961.0,324000
1223.0,1495729.0,271000
1251.0,1565001.0,160000
912.0,831744.0,120000
600.0,360000.0,37900
941.0,885481.0,237000
796.0,633616.0,190000
720.0,518400.0,34900
1980.0,3920400.0,315000
1208.0,1459264.0,202500
1602.0,2566404.0,215000
1149.0,1320201.0,152000
1484.0,2202256.0,207500
689.0,474721.0,158000
970.0,940900.0,130000
2110.0,4452100.0,244000
544.0,295936.0,79000
796.0,633616.0,55000
1686.0,2842596.0,228000
1582.0,2502724.0,325624
880.0,774400.0,191000
1362.0,1855044.0,163000
794.0,630436.0,211000
1600.0,2560000.0,392500
650.0,422500.0,143000
768.0,589824.0,88000
806.0,649636.0,133000
1086.0,1179396.0,144900
672.0,451584.0,91500
840.0,705600.0,137000
576.0,331776.0,96500
776.0,602176.0,149000
1127.0,1270129.0,174900
860.0,739600.0,216500
1153.0,1329409.0,222500
689.0,474721.0,161750
1541.0,2374681.0,220000
1063.0,1129969.0,150750
672.0,451584.0,128000
713.0,508369.0,179900
1453.0,2111209.0,302000
1107.0,1225449.0,475000
1350.0,1822500.0,170000
1210.0,1464100.0,335000
793.0,628849.0,115000
1057.0,1117249.0,109000
1496.0,2238016.0,316600
1616.0,2611456.0,270000
1188.0,1411344.0,142000
1485.0,2205225.0,282922
1216.0,1478656.0,164000
1626.0,2643876.0,250000
672.0,451584.0,122900
1060.0,1123600.0,154000
804.0,646416.0,155000
290.0,84100.0,60000
747.0,558009.0,80000
892.0,795664.0,100000
1106.0,1223236.0,132500
1394.0,1943236.0,159000
960.0,921600.0,124500
848.0,719104.0,131500
1309.0,1713481.0,180000
784.0,614656.0,76000
948.0,898704.0,108000
1176.0,1382976.0,157000
978.0,956484.0,225000
1728.0,2985984.0,188000
680.0,462400.0,73000
462.0,213444.0,91000
612.0,374544.0,173733
483.0,233289.0,94500
915.0,837225.0,210000
1144.0,1308736.0,129000
1032.0,1065024.0,148000
1151.0,1324801.0,211000
1114.0,1240996.0,159000
1680.0,2822400.0,197900
672.0,451584.0,118000
721.0,519841.0,82000
1074.0,1153476.0,170000
864.0,746496.0,136500
1814.0,3290596.0,319000
530.0,280900.0,101000
912.0,831744.0,147000
1152.0,1327104.0,290000
876.0,767376.0,119500
105.0,11025.0,116000
0.0,0.0,92900
840.0,705600.0,105000
2121.0,4498641.0,415298
847.0,717409.0,215000
927.0,859329.0,141500
1268.0,1607824.0,132000
960.0,921600.0,108500
1097.0,1203409.0,145000
880.0,774400.0,163000
856.0,732736.0,140000
1392.0,1937664.0,110000
780.0,608400.0,132500
1622.0,2630884.0,295493
1241.0,1540081.0,199900
768.0,589824.0,129500
1296.0,1679616.0,224000
1419.0,2013561.0,392000
1200.0,1440000.0,179000
725.0,525625.0,184000
1184.0,1401856.0,176500
624.0,389376.0,98000
0.0,0.0,169000
788.0,620944.0,100000
855.0,731025.0,148500
864.0,746496.0,127500
864.0,746496.0,120500
1584.0,2509056.0,110000
1056.0,1115136.0,142000
683.0,466489.0,61000
1470.0,2160900.0,222000
840.0,705600.0,107400
873.0,762129.0,193000
780.0,608400.0,197500
672.0,451584.0,113000
2078.0,4318084.0,385000
855.0,731025.0,148500
1256.0,1577536.0,147500
783.0,613089.0,183200
1028.0,1056784.0,259500
1370.0,1876900.0,239000
780.0,608400.0,141000
588.0,345744.0,140000
1272.0,1617984.0,145900
1494.0,2232036.0,221000
560.0,313600.0,112000
990.0,980100.0,123600
907.0,822649.0,240000
833.0,693889.0,117000
1094.0,1196836.0,281213
1030.0,1060900.0,275500
864.0,746496.0,130000
1175.0,1380625.0,345000
894.0,799236.0,123000
1575.0,2480625.0,179200
848.0,719104.0,141000
815.0,664225.0,144000
757.0,573049.0,127000
1362.0,1855044.0,194700
1273.0,1620529.0,215000
1392.0,1937664.0,320000
780.0,608400.0,140000
702.0,492804.0,125000
1604.0,2572816.0,220000
1499.0,2247001.0,228950
992.0,984064.0,165500
630.0,396900.0,80000
2006.0,4024036.0,402861
810.0,656100.0,227000
1860.0,3459600.0,216837
994.0,988036.0,107500
1145.0,1311025.0,100000
1240.0,1537600.0,194000
1244.0,1547536.0,150000
1777.0,3157729.0,230000
1158.0,1340964.0,173000
1573.0,2474329.0,287090
967.0,935089.0,202900
901.0,811801.0,79900
1976.0,3904576.0,440000
686.0,470596.0,107000
1268.0,1607824.0,143500
625.0,390625.0,171900
0.0,0.0,100000
708.0,501264.0,179900
1214.0,1473796.0,133900
1710.0,2924100.0,240000
616.0,379456.0,89000
1050.0,1102500.0,136500
1602.0,2566404.0,235000
990.0,980100.0,138000
1078.0,1162084.0,142125
832.0,692224.0,187500
1144.0,1308736.0,181900
360.0,129600.0,140000
588.0,345744.0,145000
1484.0,2202256.0,175000
1374.0,1887876.0,234000
1196.0,1430416.0,109900
864.0,746496.0,129900
1056.0,1115136.0,139400
1165.0,1357225.0,290000
1145.0,1311025.0,160200
1092.0,1192464.0,139000
264.0,69696.0,132000
1392.0,1937664.0,166000
728.0,529984.0,163990
1053.0,1108809.0,145500
1440.0,2073600.0,200000
1063.0,1129969.0,162000
740.0,547600.0,120500
525.0,275625.0,88000
600.0,360000.0,79900
847.0,717409.0,225000
1638.0,2683044.0,248900
1434.0,2056356.0,239686
1624.0,2637376.0,190000
916.0,839056.0,168000
1064.0,1132096.0,132250
912.0,831744.0,114500
1145.0,1311025.0,250000
1680.0,2822400.0,136905
728.0,529984.0,381000
926.0,857476.0,130000
612.0,374544.0,189000
765.0,585225.0,125000
1258.0,1582564.0,172500
1574.0,2477476.0,232000
1096.0,1201216.0,138800
483.0,233289.0,100000
976.0,952576.0,130000
1470.0,2160900.0,295000
559.0,312481.0,164000
2136.0,4562496.0,375000
896.0,802816.0,115000
372.0,138384.0,139000
794.0,630436.0,177000
952.0,906304.0,139000
880.0,774400.0,222000
1516.0,2298256.0,167000
1734.0,3006756.0,318000
1488.0,2214144.0,212000
764.0,583696.0,173000
756.0,571536.0,135000
1092.0,1192464.0,241000
1368.0,1871424.0,202665
1249.0,1560001.0,342643
1029.0,1058841.0,139000
1195.0,1428025.0,221000
1117.0,1247689.0,309000
783.0,613089.0,180000
1454.0,2114116.0,189000
1278.0,1633284.0,179200
840.0,705600.0,177000
928.0,861184.0,201000
864.0,746496.0,111250
744.0,553536.0,179400
662.0,438244.0,90000
1845.0,3404025.0,241500
1530.0,2340900.0,259000
742.0,550564.0,128000
630.0,396900.0,86000
1200.0,1440000.0,125000
1330.0,1768900.0,272000
1127.0,1270129.0,158000
1116.0,1245456.0,160000
1190.0,1416100.0,207500
943.0,889249.0,135960
976.0,952576.0,137450
0.0,0.0,90000
672.0,451584.0,87000
832.0,692224.0,176000
944.0,891136.0,178400
958.0,917764.0,143750
853.0,727609.0,315000
915.0,837225.0,144000
822.0,675684.0,187000
1252.0,1567504.0,142000
0.0,0.0,80500
1040.0,1081600.0,152000
756.0,571536.0,177000
1028.0,1056784.0,267000
3200.0,10240000.0,430000
856.0,732736.0,190000
1040.0,1081600.0,143000
1056.0,1115136.0,153500
1264.0,1597696.0,265000
845.0,714025.0,135000
1478.0,2184484.0,208900
774.0,599076.0,269500
1004.0,1008016.0,149000
810.0,656100.0,91500
1065.0,1134225.0,210000
912.0,831744.0,97500
1224.0,1498176.0,165000
1362.0,1855044.0,213490
2136.0,4562496.0,137900
696.0,484416.0,155000
2633.0,6932689.0,466500
1468.0,2155024.0,244600
773.0,597529.0,110000
630.0,396900.0,112000
900.0,810000.0,134800
884.0,781456.0,119000
1844.0,3400336.0,223000
1373.0,1885129.0,192500
1297.0,1682209.0,153000
0.0,0.0,98000
0.0,0.0,139600
832.0,692224.0,187000
585.0,342225.0,178000
1126.0,1267876.0,160000
551.0,303601.0,148800
896.0,802816.0,177000
1520.0,2310400.0,264561
1050.0,1102500.0,128900
1580.0,2496400.0,235128
1300.0,1690000.0,229456
1510.0,2280100.0,256000
616.0,379456.0,200000
1232.0,1517824.0,162500
561.0,314721.0,124000
978.0,956484.0,95000
936.0,876096.0,93000
847.0,717409.0,195000
1462.0,2137444.0,350000
1001.0,1002001.0,145000
825.0,680625.0,190000
916.0,839056.0,200000
1041.0,1083681.0,124500
960.0,921600.0,102000
1405.0,1974025.0,171750
1226.0,1503076.0,198900
816.0,665856.0,130000
864.0,746496.0,58500
1006.0,1012036.0,80000
1842.0,3392964.0,385000
1710.0,2924100.0,372402
1141.0,1301881.0,258000
777.0,603729.0,122500
1100.0,1210000.0,141000
1205.0,1452025.0,237500
672.0,451584.0,112000
952.0,906304.0,129900
1082.0,1170724.0,119200
924.0,853776.0,147000
1338.0,1790244.0,213500
872.0,760384.0,204000
1302.0,1695204.0,158000
951.0,904401.0,106500
483.0,233289.0,83000
1090.0,1188100.0,157000
984.0,968256.0,117000
756.0,571536.0,168500
972.0,944784.0,140200
1192.0,1420864.0,294000
506.0,256036.0,151000
969.0,938961.0,122000
547.0,299209.0,148000
1518.0,2304324.0,274000
1188.0,1411344.0,157900
1026.0,1052676.0,250000
1069.0,1142761.0,140000
1753.0,3073009.0,236500
954.0,910116.0,160000
0.0,0.0,72500
1261.0,1590121.0,163000
715.0,511225.0,105000
672.0,451584.0,108000
945.0,893025.0,127500
672.0,451584.0,105000
1486.0,2208196.0,167000
715.0,511225.0,188700
1188.0,1411344.0,173000
704.0,495616.0,174500
788.0,620944.0,184000
965.0,931225.0,359100
1490.0,2220100.0,204000
660.0,435600.0,162000
1225.0,1500625.0,336000
1360.0,1849600.0,235000
795.0,632025.0,118500
1160.0,1345600.0,192000
795.0,632025.0,235000
935.0,874225.0,176500
1260.0,1587600.0,245500
1080.0,1166400.0,136000
1682.0,2829124.0,200000
617.0,380689.0,112000
1067.0,1138489.0,128000
1020.0,1040400.0,137000
1392.0,1937664.0,250000
1108.0,1227664.0,274300
816.0,665856.0,120500
1580.0,2496400.0,240000
1501.0,2253001.0,278000
1763.0,3108169.0,170000
1248.0,1557504.0,167240
1057.0,1117249.0,226000
1262.0,1592644.0,181500
1264.0,1597696.0,383970
894.0,799236.0,138500
482.0,232324.0,163000
828.0,685584.0,119900
912.0,831744.0,139000
1753.0,3073009.0,275000
1440.0,2073600.0,118000
1032.0,1065024.0,119000
1986.0,3944196.0,301500
1138.0,1295044.0,137500
936.0,876096.0,186500
864.0,746496.0,99900
1120.0,1254400.0,155000
1088.0,1183744.0,270000
756.0,571536.0,155000
876.0,767376.0,109900
1040.0,1081600.0,150500
918.0,842724.0,99500
1156.0,1336336.0,153000
1386.0,1920996.0,82500
735.0,540225.0,129500
697.0,485809.0,274970
746.0,556516.0,165400
1482.0,2196324.0,215000
650.0,422500.0,171000
981.0,962361.0,143250
602.0,362404.0,165000
1092.0,1192464.0,141000
793.0,628849.0,159434
1164.0,1354896.0,164500
1836.0,3370896.0,280000
925.0,855625.0,122000
1120.0,1254400.0,120000
1379.0,1901641.0,315750
854.0,729316.0,220000
1838.0,3378244.0,315000
663.0,439569.0,158000
1720.0,2958400.0,260400
858.0,736164.0,171000
999.0,998001.0,132500
680.0,462400.0,185000
1132.0,1281424.0,176000
1163.0,1352569.0,185000
1405.0,1974025.0,181000
1349.0,1819801.0,179000
1148.0,1317904.0,132500
918.0,842724.0,172500
546.0,298116.0,97000
1140.0,1299600.0,143900
0.0,0.0,106500
712.0,506944.0,194500
894.0,799236.0,109500
864.0,746496.0,169500
980.0,960400.0,196500
1114.0,1240996.0,155000
1689.0,2852721.0,248328
768.0,589824.0,105000
1952.0,3810304.0,345000
1299.0,1687401.0,261500
858.0,736164.0,116500
864.0,746496.0,120500
1626.0,2643876.0,285000
458.0,209764.0,83000
936.0,876096.0,118000
1064.0,1132096.0,115000
1214.0,1473796.0,140000
727.0,528529.0,154000
1364.0,1860496.0,185850
964.0,929296.0,222000
975.0,950625.0,135000
1121.0,1256641.0,140000
1461.0,2134521.0,180000
1316.0,1731856.0,200141
1088.0,1183744.0,160000
1220.0,1488400.0,187500
1194.0,1425636.0,148000
1856.0,3444736.0,394432
882.0,777924.0,122000
756.0,571536.0,126000
804.0,646416.0,215000
816.0,665856.0,138000
894.0,799236.0,129000
546.0,298116.0,83500
1094.0,1196836.0,155000
1073.0,1151329.0,230000
0.0,0.0,106250
1057.0,1117249.0,219500
1253.0,1570009.0,157000
1216.0,1478656.0,250000
1154.0,1331716.0,154000
728.0,529984.0,172785
982.0,964324.0,179000
660.0,435600.0,135000
1252.0,1567504.0,337000
1436.0,2062096.0,210000
1029.0,1058841.0,146800
796.0,633616.0,170000
1109.0,1229881.0,148000
1536.0,2359296.0,214000
971.0,942841.0,128500
1003.0,1006009.0,142500
1504.0,2262016.0,203000
928.0,861184.0,137000
1242.0,1542564.0,175500
1152.0,1327104.0,266500
1649.0,2719201.0,224900
1143.0,1306449.0,148000
747.0,558009.0,121600
1196.0,1430416.0,171500
1572.0,2471184.0,412500
780.0,608400.0,103000
1310.0,1716100.0,164990
1234.0,1522756.0,361919
936.0,876096.0,140000
806.0,649636.0,128000
1199.0,1437601.0,194000
882.0,777924.0,112500
630.0,396900.0,106000
1424.0,2027776.0,180500
1561.0,2436721.0,277500
1204.0,1449616.0,162000
689.0,474721.0,161000
848.0,719104.0,149300
1525.0,2325625.0,235000
1235.0,1525225.0,98600
616.0,379456.0,156932
0.0,0.0,142953
1095.0,1199025.0,268000
1657.0,2745649.0,232000
1614.0,2604996.0,221500
686.0,470596.0,110500
1494.0,2232036.0,279500
716.0,512656.0,188500
1058.0,1119364.0,275000
1041.0,1083681.0,125000
547.0,299209.0,140000
1617.0,2614689.0,190000
672.0,451584.0,140000
1158.0,1340964.0,325300
0.0,0.0,98300
864.0,746496.0,201800
600.0,360000.0,151000
2002.0,4008004.0,378500
996.0,992016.0,108000
848.0,719104.0,136500
874.0,763876.0,227875
1057.0,1117249.0,132000
1593.0,2537649.0,286000
673.0,452929.0,165000
1391.0,1934881.0,196000
1008.0,1016064.0,164900
1459.0,2128681.0,192000
1494.0,2232036.0,251000
940.0,883600.0,147000
1240.0,1537600.0,265979
798.0,636804.0,173000
637.0,405769.0,139400
693.0,480249.0,52500
709.0,502681.0,110000
1572.0,2471184.0,186700
1560.0,2433600.0,201000
979.0,958441.0,145000
894.0,799236.0,125000
1256.0,1577536.0,192000
1417.0,2007889.0,227680
1932.0,3732624.0,394617
1684.0,2835856.0,266000
1650.0,2722500.0,538000
816.0,665856.0,100000
924.0,853776.0,226000
804.0,646416.0,200500
698.0,487204.0,118000
747.0,558009.0,160000
612.0,374544.0,164500
1728.0,2985984.0,119000
1141.0,1301881.0,142500
1277.0,1630729.0,167000
732.0,535824.0,100000
2524.0,6370576.0,278000
1314.0,1726596.0,176432
1122.0,1258884.0,135000
864.0,746496.0,115000
912.0,831744.0,189950
1373.0,1885129.0,174000
